|circuitId|url|circuitName|Location.lat|Location.long|Location.locality|Location.country|season|round|date|time|race name|fastest|mean_s|median_s|std dev_s|mean_p|median_p|std dev_p
0|albert_park|http://en.wikipedia.org/wiki/2005_Australian_Grand_Prix|Albert Park Grand Prix Circuit|-37.8497|144.968|Melbourne|Australia|2005|1|2005-03-06|14:00:00Z|Australian Grand Prix|88.279|113.87905|90.58850000000001|64.08641136241877|128.99902581587918|102.61613747323827|72.5953073351746
0|sepang|http://en.wikipedia.org/wiki/2005_Malaysian_Grand_Prix|Sepang International Circuit|2.76083|101.738|Kuala Lumpur|Malaysia|2005|2|2005-03-20|15:00:00Z|Malaysian Grand Prix|92.582|94.6307|93.76650000000001|2.307707089412848|102.21284914994274|101.27940636408806|2.492608811013857
0|bahrain|http://en.wikipedia.org/wiki/2005_Bahrain_Grand_Prix|Bahrain International Circuit|26.0325|50.5106|Sakhir|Bahrain|2005|3|2005-04-03|14:30:00Z|Bahrain Grand Prix|89.848|91.41234999999999|90.9425|1.4091687461986802|101.74110720327666|101.21816846229189|1.568391890969947
0|imola|http://en.wikipedia.org/wiki/2005_San_Marino_Grand_Prix|Autodromo Enzo e Dino Ferrari|44.3439|11.7167|Imola|Italy|2005|4|2005-04-24|14:00:00Z|San Marino Grand Prix|79.886|81.64865|80.8715|1.960016897752079|102.20645670079867|101.23363292692088|2.453517384462958
0|catalunya|http://en.wikipedia.org/wiki/2005_Spanish_Grand_Prix|Circuit de Barcelona-Catalunya|41.57|2.26111|Montmeló|Spain|2005|5|2005-05-08|14:00:00Z|Spanish Grand Prix|74.795|76.34600000000002|75.7705|1.7758524051018099|102.07366802593756|101.30423156628115|2.3742929408407116
0|monaco|http://en.wikipedia.org/wiki/2005_Monaco_Grand_Prix|Circuit de Monaco|43.7347|7.42056|Monte-Carlo|Monaco|2005|6|2005-05-22|14:00:00Z|Monaco Grand Prix|73.644|88.64494444444443|76.0315|52.7787462386721|120.36954055244749|103.24194774862855|71.6674083953507
0|nurburgring|http://en.wikipedia.org/wiki/2005_European_Grand_Prix|Nürburgring|50.3356|6.9475|Nürburg|Germany|2005|7|2005-05-29|14:00:00Z|European Grand Prix|90.081|92.41635000000001|91.895|1.9796574736953592|102.59250008325841|102.01374318668753|2.197641537833018
0|villeneuve|http://en.wikipedia.org/wiki/2005_Canadian_Grand_Prix|Circuit Gilles Villeneuve|45.5|-73.5228|Montreal|Canada|2005|8|2005-06-12|13:00:00Z|Canadian Grand Prix|75.217|87.99730000000001|76.5115|49.91752247890093|116.9912386827446|101.72102051397954|66.36468149341361
0|indianapolis|http://en.wikipedia.org/wiki/2005_United_States_Grand_Prix|Indianapolis Motor Speedway|39.795|-86.2347|Indianapolis|USA|2005|9|2005-06-19|14:00:00Z|United States Grand Prix|70.625|72.01895|71.618|1.0636896794697814|101.97373451327432|101.40601769911504|1.506109280665179
0|magny_cours|http://en.wikipedia.org/wiki/2005_French_Grand_Prix|Circuit de Nevers Magny-Cours|46.8642|3.16361|Magny Cours|France|2005|10|2005-07-03|14:00:00Z|French Grand Prix|74.412|75.86015|75.6325|1.295877360790951|101.94612428102994|101.64019244207923|1.7414897607791084
0|silverstone|http://en.wikipedia.org/wiki/2005_British_Grand_Prix|Silverstone Circuit|52.0786|-1.01694|Silverstone|UK|2005|11|2005-07-10|14:00:00Z|British Grand Prix|79.905|92.61909999999999|81.3135|48.8350071835876|115.91151992991676|101.76271822789563|61.116334626853885
0|hockenheimring|http://en.wikipedia.org/wiki/2005_German_Grand_Prix|Hockenheimring|49.3278|8.56583|Hockenheim|Germany|2005|12|2005-07-24|14:00:00Z|German Grand Prix|74.32|98.25534999999999|75.65700000000001|69.00426324226565|132.20579924650164|101.79897739504845|92.84750167150922
0|hungaroring|http://en.wikipedia.org/wiki/2005_Hungarian_Grand_Prix|Hungaroring|47.5789|19.2486|Budapest|Hungary|2005|13|2005-07-31|14:00:00Z|Hungarian Grand Prix|79.882|93.0144|81.862|48.742371704816804|116.43974862922809|102.478656017626|61.017966131064334
0|istanbul|http://en.wikipedia.org/wiki/2005_Turkish_Grand_Prix|Istanbul Park|40.9517|29.405|Istanbul|Turkey|2005|14|2005-08-21|15:00:00Z|Turkish Grand Prix|86.797|130.99275|89.166|86.70965288756251|150.91852252958054|102.72935700542646|99.89936620800547
0|monza|http://en.wikipedia.org/wiki/2005_Italian_Grand_Prix|Autodromo Nazionale di Monza|45.6156|9.28111|Monza|Italy|2005|15|2005-09-04|14:00:00Z|Italian Grand Prix|80.878|82.71249999999998|82.285|1.6559366406643494|102.26823116298624|101.73965726155444|2.0474500366778945
0|spa|http://en.wikipedia.org/wiki/2005_Belgian_Grand_Prix|Circuit de Spa-Francorchamps|50.4372|5.97139|Spa|Belgium|2005|16|2005-09-11|14:00:00Z|Belgian Grand Prix|106.391|108.32314999999998|108.21199999999999|1.5377315238602876|101.81608406726133|101.71161094453478|1.4453586523862796
0|interlagos|http://en.wikipedia.org/wiki/2005_Brazilian_Grand_Prix|Autódromo José Carlos Pace|-23.7036|-46.6997|São Paulo|Brazil|2005|17|2005-09-25|14:00:00Z|Brazilian Grand Prix|71.988|95.88489999999999|73.23400000000001|69.80910666947024|133.19567150080567|101.73084402956047|96.97325480562074
0|suzuka|http://en.wikipedia.org/wiki/2005_Japanese_Grand_Prix|Suzuka Circuit|34.8431|136.541|Suzuka|Japan|2005|18|2005-10-09|14:00:00Z|Japanese Grand Prix|106.106|138.0462|108.498|69.90855707023357|130.10216198895446|102.25434942416075|65.8855833508318
0|shanghai|http://en.wikipedia.org/wiki/2005_Chinese_Grand_Prix|Shanghai International Circuit|31.3389|121.22|Shanghai|China|2005|19|2005-10-16|14:00:00Z|Chinese Grand Prix|94.08|96.19969999999999|95.8185|1.5514537868178928|102.2530824829932|101.84789540816327|1.6490792802060936
0|bahrain|http://en.wikipedia.org/wiki/2006_Bahrain_Grand_Prix|Bahrain International Circuit|26.0325|50.5106|Sakhir|Bahrain|2006|1|2006-03-12|14:30:00Z|Bahrain Grand Prix|91.215|93.33790476190477|92.456|2.3110286433699154|102.32736365938142|101.36052184399496|2.5336059237734094
0|sepang|http://en.wikipedia.org/wiki/2006_Malaysian_Grand_Prix|Sepang International Circuit|2.76083|101.738|Kuala Lumpur|Malaysia|2006|2|2006-03-19|15:00:00Z|Malaysian Grand Prix|93.527|95.41145454545453|94.64850000000001|1.832739550438157|102.01487757059945|101.19911897099233|1.959583382807274
0|albert_park|http://en.wikipedia.org/wiki/2006_Australian_Grand_Prix|Albert Park Grand Prix Circuit|-37.8497|144.968|Melbourne|Australia|2006|3|2006-04-02|14:00:00Z|Australian Grand Prix|85.229|87.98|86.87049999999999|2.697498806213602|103.22777458376844|101.9259876333173|3.1650011219345537
0|imola|http://en.wikipedia.org/wiki/2006_San_Marino_Grand_Prix|Autodromo Enzo e Dino Ferrari|44.3439|11.7167|Imola|Italy|2006|4|2006-04-23|14:00:00Z|San Marino Grand Prix|82.579|84.54181818181814|83.82900000000001|1.7102631553670489|102.3768974943002|101.51370203078264|2.071063049161469
0|nurburgring|http://en.wikipedia.org/wiki/2006_European_Grand_Prix|Nürburgring|50.3356|6.9475|Nürburg|Germany|2006|5|2006-05-07|14:00:00Z|European Grand Prix|89.816|92.12577272727275|91.069|3.4753590007339787|102.57167178150075|101.39507437427629|3.8694208167074664
0|catalunya|http://en.wikipedia.org/wiki/2006_Spanish_Grand_Prix|Circuit de Barcelona-Catalunya|41.57|2.26111|Montmeló|Spain|2006|6|2006-05-14|14:00:00Z|Spanish Grand Prix|74.637|76.1467619047619|75.502|1.5776177580377935|102.0228062552915|101.15894261559279|2.1137207524924526
0|monaco|http://en.wikipedia.org/wiki/2006_Monaco_Grand_Prix|Circuit de Monaco|43.7347|7.42056|Monte-Carlo|Monaco|2006|7|2006-05-28|14:00:00Z|Monaco Grand Prix|73.532|74.82875|74.4435|1.1783333848234427|101.76351792416907|101.23959636620792|1.6024769961696186
0|silverstone|http://en.wikipedia.org/wiki/2006_British_Grand_Prix|Silverstone Circuit|52.0786|-1.01694|Silverstone|UK|2006|8|2006-06-11|12:00:00Z|British Grand Prix|80.253|81.89104761904761|81.442|1.7156203390083276|102.04110453073108|101.48156455210395|2.1377647427614295
0|villeneuve|http://en.wikipedia.org/wiki/2006_Canadian_Grand_Prix|Circuit Gilles Villeneuve|45.5|-73.5228|Montreal|Canada|2006|9|2006-06-25|13:00:00Z|Canadian Grand Prix|74.726|76.16686363636364|75.8325|1.1731072006977894|101.92819585735037|101.48074298102401|1.5698782227039954
0|indianapolis|http://en.wikipedia.org/wiki/2006_United_States_Grand_Prix|Indianapolis Motor Speedway|39.795|-86.2347|Indianapolis|USA|2006|10|2006-07-02|14:00:00Z|United States Grand Prix|70.636|72.48045454545455|72.221|1.2128128944248233|102.61121035372126|102.24389829548673|1.7169897706903352
0|magny_cours|http://en.wikipedia.org/wiki/2006_French_Grand_Prix|Circuit de Nevers Magny-Cours|46.8642|3.16361|Magny Cours|France|2006|11|2006-07-16|14:00:00Z|French Grand Prix|75.111|76.54018181818182|76.2115|1.0091509225163418|101.90275967325934|101.46516488929717|1.3435461151047672
0|hockenheimring|http://en.wikipedia.org/wiki/2006_German_Grand_Prix|Hockenheimring|49.3278|8.56583|Hockenheim|Germany|2006|12|2006-07-30|14:00:00Z|German Grand Prix|73.778|75.4902857142857|75.094|1.5534716329195448|102.32086220050108|101.78372956707959|2.1056027988283006
0|hungaroring|http://en.wikipedia.org/wiki/2006_Hungarian_Grand_Prix|Hungaroring|47.5789|19.2486|Budapest|Hungary|2006|13|2006-08-06|14:00:00Z|Hungarian Grand Prix|79.504|81.05986363636364|80.749|1.2736220675677976|101.95696271428311|101.56595894546186|1.6019597348156032
0|istanbul|http://en.wikipedia.org/wiki/2006_Turkish_Grand_Prix|Istanbul Park|40.9517|29.405|Istanbul|Turkey|2006|14|2006-08-27|15:00:00Z|Turkish Grand Prix|85.85|88.10572727272725|87.87450000000001|1.2801203880073957|102.62752157568701|102.35818287711126|1.4911128573178745
0|monza|http://en.wikipedia.org/wiki/2006_Italian_Grand_Prix|Autodromo Nazionale di Monza|45.6156|9.28111|Monza|Italy|2006|15|2006-09-10|14:00:00Z|Italian Grand Prix|81.225|82.43431818181817|82.0635|1.194979353731335|101.48884971599654|101.03231763619577|1.4711964958218924
0|shanghai|http://en.wikipedia.org/wiki/2006_Chinese_Grand_Prix|Shanghai International Circuit|31.3389|121.22|Shanghai|China|2006|16|2006-10-01|14:00:00Z|Chinese Grand Prix|103.951|106.83649999999999|105.799|2.7262825509508457|102.77582707237066|101.77776067570298|2.6226612066751125
0|suzuka|http://en.wikipedia.org/wiki/2006_Japanese_Grand_Prix|Suzuka Circuit|34.8431|136.541|Suzuka|Japan|2006|17|2006-10-08|14:00:00Z|Japanese Grand Prix|88.954|91.15285714285714|90.827|1.2965869537255996|102.47190361631536|102.10558266070105|1.4575926363351852
0|interlagos|http://en.wikipedia.org/wiki/2006_Brazilian_Grand_Prix|Autódromo José Carlos Pace|-23.7036|-46.6997|São Paulo|Brazil|2006|18|2006-10-22|14:00:00Z|Brazilian Grand Prix|70.313|71.93047619047618|71.65|0.8854184671130153|102.30039422365165|101.90149758935047|1.259252865207024
0|albert_park|http://en.wikipedia.org/wiki/2007_Australian_Grand_Prix|Albert Park Grand Prix Circuit|-37.8497|144.968|Melbourne|Australia|2007|1|2007-03-18|03:00:00Z|Australian Grand Prix|85.326|87.17254545454546|86.8335|1.5637948875144876|102.164106432442|101.76675339286972|1.832729634008961
0|sepang|http://en.wikipedia.org/wiki/2007_Malaysian_Grand_Prix|Sepang International Circuit|2.76083|101.738|Kuala Lumpur|Malaysia|2007|2|2007-04-08|07:00:00Z|Malaysian Grand Prix|94.057|95.85927272727272|95.668|1.1459411678498859|101.91614949155588|101.71279117981649|1.2183475635517684
0|bahrain|http://en.wikipedia.org/wiki/2007_Bahrain_Grand_Prix|Bahrain International Circuit|26.0325|50.5106|Sakhir|Bahrain|2007|3|2007-04-15|11:30:00Z|Bahrain Grand Prix|91.359|93.2090909090909|92.92500000000001|1.1723191467421241|102.02507788952472|101.71411683577973|1.283200502131284
0|catalunya|http://en.wikipedia.org/wiki/2007_Spanish_Grand_Prix|Circuit de Barcelona-Catalunya|41.57|2.26111|Montmeló|Spain|2007|4|2007-05-13|12:00:00Z|Spanish Grand Prix|80.597|81.97004761904762|81.943|0.9778820213190592|101.70359643541029|101.67003734630322|1.2132982881733299
0|monaco|http://en.wikipedia.org/wiki/2007_Monaco_Grand_Prix|Circuit de Monaco|43.7347|7.42056|Monte-Carlo|Monaco|2007|5|2007-05-27|12:00:00Z|Monaco Grand Prix|75.431|76.75571428571429|76.454|1.0580216511422236|101.75619345589253|101.35620633426574|1.4026350587188592
0|villeneuve|http://en.wikipedia.org/wiki/2007_Canadian_Grand_Prix|Circuit Gilles Villeneuve|45.5|-73.5228|Montreal|Canada|2007|6|2007-06-10|17:00:00Z|Canadian Grand Prix|75.486|76.94527272727272|76.7515|0.9573280863607129|101.93317002791605|101.67646980897119|1.2682193868541358
0|indianapolis|http://en.wikipedia.org/wiki/2007_United_States_Grand_Prix|Indianapolis Motor Speedway|39.795|-86.2347|Indianapolis|USA|2007|7|2007-06-17|17:00:00Z|United States Grand Prix|71.926|72.95054545454546|72.862|0.6795435251677414|101.42444380967305|101.30133748574924|0.9447814770288078
0|magny_cours|http://en.wikipedia.org/wiki/2007_French_Grand_Prix|Circuit de Nevers Magny-Cours|46.8642|3.16361|Magny Cours|France|2007|8|2007-07-01|12:00:00Z|French Grand Prix|74.795|75.73668181818182|75.559|0.8416800311827368|101.25901707090287|101.02145865365333|1.1253159050507877
0|silverstone|http://en.wikipedia.org/wiki/2007_British_Grand_Prix|Silverstone Circuit|52.0786|-1.01694|Silverstone|UK|2007|9|2007-07-08|12:00:00Z|British Grand Prix|79.152|80.49259090909094|80.282|0.9357174817367174|101.69369176911628|101.42763290883363|1.1821779383170603
0|nurburgring|http://en.wikipedia.org/wiki/2007_European_Grand_Prix|Nürburgring|50.3356|6.9475|Nürburg|Germany|2007|10|2007-07-22|12:00:00Z|European Grand Prix|90.912|92.3024090909091|91.987|1.1804325945981022|101.5294010591661|101.18246216121082|1.298434304160182
0|hungaroring|http://en.wikipedia.org/wiki/2007_Hungarian_Grand_Prix|Hungaroring|47.5789|19.2486|Budapest|Hungary|2007|11|2007-08-05|12:00:00Z|Hungarian Grand Prix|79.301|80.94454545454545|80.5195|1.093607038647043|102.07254064204166|101.5365506109633|1.3790583203831517
0|istanbul|http://en.wikipedia.org/wiki/2007_Turkish_Grand_Prix|Istanbul Park|40.9517|29.405|Istanbul|Turkey|2007|12|2007-08-26|12:00:00Z|Turkish Grand Prix|86.841|88.13113636363636|88.0075|1.120256148236794|101.4856304782722|101.34325952027268|1.2900083465607204
0|monza|http://en.wikipedia.org/wiki/2007_Italian_Grand_Prix|Autodromo Nazionale di Monza|45.6156|9.28111|Monza|Italy|2007|13|2007-09-09|12:00:00Z|Italian Grand Prix|81.356|83.13931818181818|83.17099999999999|0.8901165459466349|102.19199343849029|102.23093564088697|1.0941006759755105
0|spa|http://en.wikipedia.org/wiki/2007_Belgian_Grand_Prix|Circuit de Spa-Francorchamps|50.4372|5.97139|Spa|Belgium|2007|14|2007-09-16|12:00:00Z|Belgian Grand Prix|105.07|106.77777272727272|106.6105|1.1421726969670438|101.62536663869109|101.46616541353384|1.0870588150442975
0|fuji|http://en.wikipedia.org/wiki/2007_Japanese_Grand_Prix|Fuji Speedway|35.3717|138.927|Oyama|Japan|2007|15|2007-09-30|04:30:00Z|Japanese Grand Prix|84.753|86.42686363636363|86.1325|1.363474284090691|101.97499042672666|101.62767099689687|1.6087622669294184
0|shanghai|http://en.wikipedia.org/wiki/2007_Chinese_Grand_Prix|Shanghai International Circuit|31.3389|121.22|Shanghai|China|2007|16|2007-10-07|06:00:00Z|Chinese Grand Prix|95.381|96.89618181818182|96.8765|0.9544002672515721|101.58855727889392|101.56792233254001|1.0006188520266868
0|interlagos|http://en.wikipedia.org/wiki/2007_Brazilian_Grand_Prix|Autódromo José Carlos Pace|-23.7036|-46.6997|São Paulo|Brazil|2007|17|2007-10-21|16:00:00Z|Brazilian Grand Prix|71.931|73.27536363636364|72.95|0.9809033031055048|101.86896280652796|101.41663538669003|1.363672551619615
0|albert_park|http://en.wikipedia.org/wiki/2008_Australian_Grand_Prix|Albert Park Grand Prix Circuit|-37.8497|144.968|Melbourne|Australia|2008|1|2008-03-16|04:30:00Z|Australian Grand Prix|85.187|86.52672727272727|86.1685|1.058914726627407|101.57268981502729|101.15217110591992|1.2430473272065081
0|sepang|http://en.wikipedia.org/wiki/2008_Malaysian_Grand_Prix|Sepang International Circuit|2.76083|101.738|Kuala Lumpur|Malaysia|2008|2|2008-03-23|07:00:00Z|Malaysian Grand Prix|94.188|95.52745454545452|95.30799999999999|0.9321376726067027|101.42210742924209|101.18911113942329|0.989656508904218
0|bahrain|http://en.wikipedia.org/wiki/2008_Bahrain_Grand_Prix|Bahrain International Circuit|26.0325|50.5106|Sakhir|Bahrain|2008|3|2008-04-06|11:30:00Z|Bahrain Grand Prix|91.188|92.71486363636363|92.4395|1.0123125009438028|101.67441290121906|101.37243935605561|1.1101378481201496
0|catalunya|http://en.wikipedia.org/wiki/2008_Spanish_Grand_Prix|Circuit de Barcelona-Catalunya|41.57|2.26111|Montmeló|Spain|2008|4|2008-04-27|12:00:00Z|Spanish Grand Prix|80.584|81.44981818181817|81.083|0.9099609953107957|101.074429392706|100.61922962374666|1.1292080255519656
0|istanbul|http://en.wikipedia.org/wiki/2008_Turkish_Grand_Prix|Istanbul Park|40.9517|29.405|Istanbul|Turkey|2008|5|2008-05-11|12:00:00Z|Turkish Grand Prix|85.994|86.91940000000001|86.8535|0.6656506433162734|101.07612158987835|100.99948833639556|0.7740663805803588
0|monaco|http://en.wikipedia.org/wiki/2008_Monaco_Grand_Prix|Circuit de Monaco|43.7347|7.42056|Monte-Carlo|Monaco|2008|6|2008-05-25|12:00:00Z|Monaco Grand Prix|75.11|76.0901|75.87299999999999|0.7523467075896924|101.30488616695513|101.01584342963653|1.0016598423508087
0|villeneuve|http://en.wikipedia.org/wiki/2008_Canadian_Grand_Prix|Circuit Gilles Villeneuve|45.5|-73.5228|Montreal|Canada|2008|7|2008-06-08|17:00:00Z|Canadian Grand Prix|76.909|78.20273684210527|77.891|1.445623196721947|101.68216573106564|101.27683366055989|1.87965413244477
0|magny_cours|http://en.wikipedia.org/wiki/2008_French_Grand_Prix|Circuit de Nevers Magny-Cours|46.8642|3.16361|Magny Cours|France|2008|8|2008-06-22|12:00:00Z|French Grand Prix|75.024|75.83630000000001|75.7285|0.5430442552480362|101.0827201962039|100.93903284282362|0.7238273822350674
0|silverstone|http://en.wikipedia.org/wiki/2008_British_Grand_Prix|Silverstone Circuit|52.0786|-1.01694|Silverstone|UK|2008|9|2008-07-06|12:00:00Z|British Grand Prix|79.537|80.49405000000003|80.1445|0.799780659075712|101.20327646252686|100.76379546626099|1.0055454179510301
0|hockenheimring|http://en.wikipedia.org/wiki/2008_German_Grand_Prix|Hockenheimring|49.3278|8.56583|Hockenheim|Germany|2008|10|2008-07-20|12:00:00Z|German Grand Prix|74.603|75.5493|75.49449999999999|0.6376220708720461|101.26844764955834|101.19499215849228|0.8546869038403907
0|hungaroring|http://en.wikipedia.org/wiki/2008_Hungarian_Grand_Prix|Hungaroring|47.5789|19.2486|Budapest|Hungary|2008|11|2008-08-03|12:00:00Z|Hungarian Grand Prix|79.068|80.27910000000003|80.1375|0.8510616218644361|101.53171953255426|101.35263317650629|1.0763666993783003
0|valencia|http://en.wikipedia.org/wiki/2008_European_Grand_Prix|Valencia Street Circuit|39.4589|-0.331667|Valencia|Spain|2008|12|2008-08-24|12:00:00Z|European Grand Prix|97.842|98.50924999999998|98.3765|0.6293952715859396|100.68196684450442|100.54628891478097|0.6432771934199424
0|spa|http://en.wikipedia.org/wiki/2008_Belgian_Grand_Prix|Circuit de Spa-Francorchamps|50.4372|5.97139|Spa|Belgium|2008|13|2008-09-07|12:00:00Z|Belgian Grand Prix|106.037|107.04665000000003|106.88149999999999|0.7960069607603614|100.95216763959748|100.79642011750613|0.7506879304019954
0|monza|http://en.wikipedia.org/wiki/2008_Italian_Grand_Prix|Autodromo Nazionale di Monza|45.6156|9.28111|Monza|Italy|2008|14|2008-09-14|12:00:00Z|Italian Grand Prix|95.214|96.03924999999997|95.9355|0.5982331771228727|100.86673178314115|100.7577667149789|0.6283037968396189
0|marina_bay|http://en.wikipedia.org/wiki/2008_Singapore_Grand_Prix|Marina Bay Street Circuit|1.2914|103.864|Marina Bay|Singapore|2008|15|2008-09-28|12:00:00Z|Singapore Grand Prix|104.014|105.08163157894737|104.826|1.0082394011634734|101.02643065255384|100.78066414136558|0.96933047586236
0|fuji|http://en.wikipedia.org/wiki/2008_Japanese_Grand_Prix|Fuji Speedway|35.3717|138.927|Oyama|Japan|2008|16|2008-10-12|04:30:00Z|Japanese Grand Prix|77.287|78.2321|78.1445|0.7018800242356596|101.22284472162201|101.10950095100081|0.9081475852803963
0|shanghai|http://en.wikipedia.org/wiki/2008_Chinese_Grand_Prix|Shanghai International Circuit|31.3389|121.22|Shanghai|China|2008|17|2008-10-19|07:00:00Z|Chinese Grand Prix|94.947|95.98300000000002|95.7185|0.8249183691672006|101.09113505429345|100.81255858531601|0.8688198354526236
0|interlagos|http://en.wikipedia.org/wiki/2008_Brazilian_Grand_Prix|Autódromo José Carlos Pace|-23.7036|-46.6997|São Paulo|Brazil|2008|18|2008-11-02|17:00:00Z|Brazilian Grand Prix|71.768|72.3483|72.122|0.5288615478951977|100.80857763905918|100.4932560472634|0.7369043973570376
0|albert_park|http://en.wikipedia.org/wiki/2009_Australian_Grand_Prix|Albert Park Grand Prix Circuit|-37.8497|144.968|Melbourne|Australia|2009|1|2009-03-29|06:00:00Z|Australian Grand Prix|84.783|85.69499999999998|85.44200000000001|0.6905527915335194|101.07568734298147|100.77727846384299|0.8144944051679215
0|sepang|http://en.wikipedia.org/wiki/2009_Malaysian_Grand_Prix|Sepang International Circuit|2.76083|101.738|Kuala Lumpur|Malaysia|2009|2|2009-04-05|09:00:00Z|Malaysian Grand Prix|93.784|94.86605|94.73750000000001|0.6936452509824641|101.15376823338735|101.01669794421224|0.7396200321829579
0|shanghai|http://en.wikipedia.org/wiki/2009_Chinese_Grand_Prix|Shanghai International Circuit|31.3389|121.22|Shanghai|China|2009|3|2009-04-19|07:00:00Z|Chinese Grand Prix|95.13|96.12884999999999|95.97|0.727964015521878|101.04998423210344|100.88300220750551|0.7652307532028595
0|bahrain|http://en.wikipedia.org/wiki/2009_Bahrain_Grand_Prix|Bahrain International Circuit|26.0325|50.5106|Sakhir|Bahrain|2009|4|2009-04-26|12:00:00Z|Bahrain Grand Prix|92.474|93.23385|93.1935|0.5017791792580094|100.82169042109135|100.77805653480978|0.5426164968077644
0|catalunya|http://en.wikipedia.org/wiki/2009_Spanish_Grand_Prix|Circuit de Barcelona-Catalunya|41.57|2.26111|Montmeló|Spain|2009|5|2009-05-10|12:00:00Z|Spanish Grand Prix|79.954|80.70414999999998|80.52000000000001|0.6384755095661765|100.9382269805138|100.70790704655178|0.7985535552519918
0|monaco|http://en.wikipedia.org/wiki/2009_Monaco_Grand_Prix|Circuit de Monaco|43.7347|7.42056|Monte-Carlo|Monaco|2009|6|2009-05-24|12:00:00Z|Monaco Grand Prix|74.514|75.5877|75.70599999999999|0.7235481361064776|101.4409372735325|101.5996993853504|0.9710230776853701
0|istanbul|http://en.wikipedia.org/wiki/2009_Turkish_Grand_Prix|Istanbul Park|40.9517|29.405|Istanbul|Turkey|2009|7|2009-06-07|12:00:00Z|Turkish Grand Prix|87.016|87.79875000000001|87.497|0.5926218173684229|100.89954720970857|100.55277190401765|0.6810492522851231
0|silverstone|http://en.wikipedia.org/wiki/2009_British_Grand_Prix|Silverstone Circuit|52.0786|-1.01694|Silverstone|UK|2009|8|2009-06-21|12:00:00Z|British Grand Prix|78.119|79.04975|78.85900000000001|0.6643840736866162|101.19145150347546|100.94727275054726|0.8504769309471651
0|nurburgring|http://en.wikipedia.org/wiki/2009_German_Grand_Prix|Nürburgring|50.3356|6.9475|Nürburg|Germany|2009|9|2009-07-12|12:00:00Z|German Grand Prix|91.257|91.89215|91.82|0.5245220656639911|100.6960014026321|100.61693897454441|0.574774609798692
0|hungaroring|http://en.wikipedia.org/wiki/2009_Hungarian_Grand_Prix|Hungaroring|47.5789|19.2486|Budapest|Hungary|2009|10|2009-07-26|12:00:00Z|Hungarian Grand Prix|80.358|81.10495|80.91399999999999|0.5606309861500502|100.9295278628139|100.69190373080463|0.6976666743199775
0|valencia|http://en.wikipedia.org/wiki/2009_European_Grand_Prix|Valencia Street Circuit|39.4589|-0.331667|Valencia|Spain|2009|11|2009-08-23|12:00:00Z|European Grand Prix|98.076|98.97975|98.804|0.7921621893340568|100.92147926098129|100.74228149598271|0.807702383186565
0|spa|http://en.wikipedia.org/wiki/2009_Belgian_Grand_Prix|Circuit de Spa-Francorchamps|50.4372|5.97139|Spa|Belgium|2009|12|2009-08-30|12:00:00Z|Belgian Grand Prix|104.503|105.27129999999997|105.083|0.708902197990518|100.73519420495104|100.55500799020123|0.6783558347516526
0|monza|http://en.wikipedia.org/wiki/2009_Italian_Grand_Prix|Autodromo Nazionale di Monza|45.6156|9.28111|Monza|Italy|2009|13|2009-09-13|12:00:00Z|Italian Grand Prix|82.955|83.61895000000001|83.56450000000001|0.5053816145407242|100.80037369658251|100.73473570007836|0.6092238135624435
0|marina_bay|http://en.wikipedia.org/wiki/2009_Singapore_Grand_Prix|Marina Bay Street Circuit|1.2914|103.864|Marina Bay|Singapore|2009|14|2009-09-27|12:00:00Z|Singapore Grand Prix|106.197|107.2331|106.92750000000001|0.7912284851984747|100.97563961317174|100.68787253877227|0.7450572852326077
0|suzuka|http://en.wikipedia.org/wiki/2009_Japanese_Grand_Prix|Suzuka Circuit|34.8431|136.541|Suzuka|Japan|2009|15|2009-10-04|05:00:00Z|Japanese Grand Prix|90.341|91.27931578947367|91.26|0.4562325250999374|101.03863781613407|101.01725683798055|0.5050115950675095
0|interlagos|http://en.wikipedia.org/wiki/2009_Brazilian_Grand_Prix|Autódromo José Carlos Pace|-23.7036|-46.6997|São Paulo|Brazil|2009|16|2009-10-18|16:00:00Z|Brazilian Grand Prix|79.576|82.88825|81.691|4.67730567826123|104.16237307730975|102.65783653362823|5.877784354907551
0|yas_marina|http://en.wikipedia.org/wiki/2009_Abu_Dhabi_Grand_Prix|Yas Marina Circuit|24.4672|54.6031|Abu Dhabi|UAE|2009|17|2009-11-01|11:00:00Z|Abu Dhabi Grand Prix|99.695|100.8655|100.6935|0.7103281302550102|101.17408094688804|101.00155474196299|0.7125012590952512
0|bahrain|http://en.wikipedia.org/wiki/2010_Bahrain_Grand_Prix|Bahrain International Circuit|26.0325|50.5106|Sakhir|Bahrain|2010|1|2010-03-14|12:00:00Z|Bahrain Grand Prix|113.883|116.81533333333334|115.74000000000001|2.9947968017977393|102.57486484667011|101.63062090039779|2.6297136550650575
0|albert_park|http://en.wikipedia.org/wiki/2010_Australian_Grand_Prix|Albert Park Grand Prix Circuit|-37.8497|144.968|Melbourne|Australia|2010|2|2010-03-28|06:00:00Z|Australian Grand Prix|83.919|86.30950000000001|85.6905|2.181247728290831|102.84858017850546|102.110964143996|2.5992298863080237
0|sepang|http://en.wikipedia.org/wiki/2010_Malaysian_Grand_Prix|Sepang International Circuit|2.76083|101.738|Kuala Lumpur|Malaysia|2010|3|2010-04-04|08:00:00Z|Malaysian Grand Prix|106.283|110.47333333333331|108.5275|3.7174380222507235|103.94261860629952|102.11181468343949|3.497678859507844
0|shanghai|http://en.wikipedia.org/wiki/2010_Chinese_Grand_Prix|Shanghai International Circuit|31.3389|121.22|Shanghai|China|2010|4|2010-04-18|06:00:00Z|Chinese Grand Prix|94.558|96.72899999999998|96.098|1.9747632989694024|102.29594534571373|101.62863004716681|2.088414834249247
0|catalunya|http://en.wikipedia.org/wiki/2010_Spanish_Grand_Prix|Circuit de Barcelona-Catalunya|41.57|2.26111|Montmeló|Spain|2010|5|2010-05-09|12:00:00Z|Spanish Grand Prix|79.995|82.633375|82.07849999999999|2.01477716563741|103.29817488593035|102.60453778361148|2.5186288713512206
0|monaco|http://en.wikipedia.org/wiki/2010_Monaco_Grand_Prix|Circuit de Monaco|43.7347|7.42056|Monte-Carlo|Monaco|2010|6|2010-05-16|12:00:00Z|Monaco Grand Prix|73.826|75.70539130434783|75.318|1.5351268748019262|102.54570382297273|102.02096822257742|2.079385141822562
0|istanbul|http://en.wikipedia.org/wiki/2010_Turkish_Grand_Prix|Istanbul Park|40.9517|29.405|Istanbul|Turkey|2010|7|2010-05-30|11:00:00Z|Turkish Grand Prix|86.295|88.37808333333334|87.74549999999999|1.7888663137321914|102.41390965100334|101.68086215887362|2.0729663523172746
0|villeneuve|http://en.wikipedia.org/wiki/2010_Canadian_Grand_Prix|Circuit Gilles Villeneuve|45.5|-73.5228|Montreal|Canada|2010|8|2010-06-13|16:00:00Z|Canadian Grand Prix|75.105|77.24316666666668|76.465|2.6291272426360455|102.84690322437477|101.81079821583117|3.500602147175348
0|valencia|http://en.wikipedia.org/wiki/2010_European_Grand_Prix|Valencia Street Circuit|39.4589|-0.331667|Valencia|Spain|2010|9|2010-06-27|12:00:00Z|European Grand Prix|97.587|99.31337499999997|98.739|1.6247528189931189|101.7690624775841|101.18048510559808|1.6649275200519709
0|silverstone|http://en.wikipedia.org/wiki/2010_British_Grand_Prix|Silverstone Circuit|52.0786|-1.01694|Silverstone|UK|2010|10|2010-07-11|12:00:00Z|British Grand Prix|89.615|92.18870833333334|91.428|2.085977749665957|102.87196153917684|102.02309881158288|2.3277104833632274
0|hockenheimring|http://en.wikipedia.org/wiki/2010_German_Grand_Prix|Hockenheimring|49.3278|8.56583|Hockenheim|Germany|2010|11|2010-07-25|12:00:00Z|German Grand Prix|73.791|75.83621739130436|75.084|1.7980717944135625|102.77163528249291|101.75224620888727|2.4367088051572177
0|hungaroring|http://en.wikipedia.org/wiki/2010_Hungarian_Grand_Prix|Hungaroring|47.5789|19.2486|Budapest|Hungary|2010|12|2010-08-01|12:00:00Z|Hungarian Grand Prix|78.773|81.991|81.424|2.047473225391643|104.08515608139847|103.36536630571389|2.599206867063134
0|spa|http://en.wikipedia.org/wiki/2010_Belgian_Grand_Prix|Circuit de Spa-Francorchamps|50.4372|5.97139|Spa|Belgium|2010|13|2010-08-29|12:00:00Z|Belgian Grand Prix|105.778|112.36795652173912|107.885|8.905838633770037|106.22998782519912|101.9919075800261|8.419367575270888
0|monza|http://en.wikipedia.org/wiki/2010_Italian_Grand_Prix|Autodromo Nazionale di Monza|45.6156|9.28111|Monza|Italy|2010|14|2010-09-12|12:00:00Z|Italian Grand Prix|81.962|83.93412500000001|83.52350000000001|1.5614303730178316|102.40614553085577|101.90515116761426|1.9050662172931734
0|marina_bay|http://en.wikipedia.org/wiki/2010_Singapore_Grand_Prix|Marina Bay Street Circuit|1.2914|103.864|Marina Bay|Singapore|2010|15|2010-09-26|12:00:00Z|Singapore Grand Prix|105.39|108.29904347826086|107.674|2.488552727960953|102.76026518480016|102.16718853781195|2.3612797494648
0|suzuka|http://en.wikipedia.org/wiki/2010_Japanese_Grand_Prix|Suzuka Circuit|34.8431|136.541|Suzuka|Japan|2010|16|2010-10-10|06:00:00Z|Japanese Grand Prix|90.785|93.043875|92.3715|2.105855941076031|102.48815883681225|101.74753538580163|2.319607799830404
0|yeongam|http://en.wikipedia.org/wiki/2010_Korean_Grand_Prix|Korean International Circuit|34.7333|126.417|Yeongam County|Korea|2010|17|2010-10-24|05:00:00Z|Korean Grand Prix|95.585|98.26374999999997|97.679|2.332985104967454|102.80247946853586|102.1907203013025|2.440743950376584
0|interlagos|http://en.wikipedia.org/wiki/2010_Brazilian_Grand_Prix|Autódromo José Carlos Pace|-23.7036|-46.6997|São Paulo|Brazil|2010|18|2010-11-07|16:00:00Z|Brazilian Grand Prix|74.47|79.03829166666667|79.4355|2.801977709608862|106.13440535338616|106.66778568551095|3.762559029956844
0|yas_marina|http://en.wikipedia.org/wiki/2010_Abu_Dhabi_Grand_Prix|Yas Marina Circuit|24.4672|54.6031|Abu Dhabi|UAE|2010|19|2010-11-14|13:00:00Z|Abu Dhabi Grand Prix|99.394|101.49691666666666|100.8485|1.843210406179739|102.11573803918408|101.46336801014145|1.854448363261101
0|albert_park|http://en.wikipedia.org/wiki/2011_Australian_Grand_Prix|Albert Park Grand Prix Circuit|-37.8497|144.968|Melbourne|Australia|2011|1|2011-03-27|06:00:00Z|Australian Grand Prix|83.529|86.94804166666667|86.0325|2.7478202345980844|104.09323907465273|102.99716266206946|3.2896601594632844
0|sepang|http://en.wikipedia.org/wiki/2011_Malaysian_Grand_Prix|Sepang International Circuit|2.76083|101.738|Kuala Lumpur|Malaysia|2011|2|2011-04-10|08:00:00Z|Malaysian Grand Prix|94.87|97.52854166666667|97.2535|2.10561243758647|102.80229963810125|102.51238536945294|2.219471316102529
0|shanghai|http://en.wikipedia.org/wiki/2011_Chinese_Grand_Prix|Shanghai International Circuit|31.3389|121.22|Shanghai|China|2011|3|2011-04-17|07:00:00Z|Chinese Grand Prix|93.706|96.37995833333333|95.892|1.8841601860999122|102.85356149374992|102.33282820737199|2.010714560540322
0|istanbul|http://en.wikipedia.org/wiki/2011_Turkish_Grand_Prix|Istanbul Park|40.9517|29.405|Istanbul|Turkey|2011|4|2011-05-08|12:00:00Z|Turkish Grand Prix|85.049|87.44286956521739|87.027|1.9255012406300804|102.81469454692869|102.32571811543933|2.2639904533034856
0|catalunya|http://en.wikipedia.org/wiki/2011_Spanish_Grand_Prix|Circuit de Barcelona-Catalunya|41.57|2.26111|Montmeló|Spain|2011|5|2011-05-22|12:00:00Z|Spanish Grand Prix|80.981|84.12547826086957|83.367|2.3137232267409327|103.88298275011367|102.9463701362048|2.8571186163926523
0|monaco|http://en.wikipedia.org/wiki/2011_Monaco_Grand_Prix|Circuit de Monaco|43.7347|7.42056|Monte-Carlo|Monaco|2011|6|2011-05-29|12:00:00Z|Monaco Grand Prix|73.556|75.77222727272728|75.8205|1.415431986282706|103.01297959748663|103.07860677578986|1.9242916774739092
0|villeneuve|http://en.wikipedia.org/wiki/2011_Canadian_Grand_Prix|Circuit Gilles Villeneuve|45.5|-73.5228|Montreal|Canada|2011|7|2011-06-12|17:00:00Z|Canadian Grand Prix|73.014|75.29683333333334|74.987|1.9071856722421665|103.1265693337351|102.70222149176871|2.6120821653959045
0|valencia|http://en.wikipedia.org/wiki/2011_European_Grand_Prix|Valencia Street Circuit|39.4589|-0.331667|Valencia|Spain|2011|8|2011-06-26|12:00:00Z|European Grand Prix|96.975|99.71354166666667|99.4555|2.1986312734174596|102.8239666580734|102.55787574117042|2.267214512418107
0|silverstone|http://en.wikipedia.org/wiki/2011_British_Grand_Prix|Silverstone Circuit|52.0786|-1.01694|Silverstone|UK|2011|9|2011-07-10|12:00:00Z|British Grand Prix|90.399|93.48620833333332|92.64|2.3300253027020714|103.41509124363472|102.47900972355889|2.5774901300922237
0|nurburgring|http://en.wikipedia.org/wiki/2011_German_Grand_Prix|Nürburgring|50.3356|6.9475|Nürburg|Germany|2011|10|2011-07-24|12:00:00Z|German Grand Prix|90.079|93.08475|92.5975|2.305844073502013|103.3367932592502|102.79587917272617|2.5598020332175238
0|hungaroring|http://en.wikipedia.org/wiki/2011_Hungarian_Grand_Prix|Hungaroring|47.5789|19.2486|Budapest|Hungary|2011|11|2011-07-31|12:00:00Z|Hungarian Grand Prix|79.815|82.70758333333335|82.3595|2.1789360769734|103.62410992085866|103.18799724362589|2.72998318232588
0|spa|http://en.wikipedia.org/wiki/2011_Belgian_Grand_Prix|Circuit de Spa-Francorchamps|50.4372|5.97139|Spa|Belgium|2011|12|2011-08-28|12:00:00Z|Belgian Grand Prix|108.298|120.07860869565218|124.692|9.041456061031171|110.87795591391547|115.1378603482982|8.348682395825564
0|monza|http://en.wikipedia.org/wiki/2011_Italian_Grand_Prix|Autodromo Nazionale di Monza|45.6156|9.28111|Monza|Italy|2011|13|2011-09-11|12:00:00Z|Italian Grand Prix|82.275|84.77179166666666|84.4285|1.8440207246587585|103.03469057024206|102.61744150714068|2.241289242976309
0|marina_bay|http://en.wikipedia.org/wiki/2011_Singapore_Grand_Prix|Marina Bay Street Circuit|1.2914|103.864|Marina Bay|Singapore|2011|14|2011-09-25|12:00:00Z|Singapore Grand Prix|104.381|108.18525|108.0575|2.721642810318157|103.64458091031894|103.52219273622595|2.6074120867956387
0|suzuka|http://en.wikipedia.org/wiki/2011_Japanese_Grand_Prix|Suzuka Circuit|34.8431|136.541|Suzuka|Japan|2011|15|2011-10-09|06:00:00Z|Japanese Grand Prix|90.466|93.08677272727272|92.6045|2.1456800438670607|102.8969698309561|102.36387150973846|2.371808241623437
0|yeongam|http://en.wikipedia.org/wiki/2011_Korean_Grand_Prix|Korean International Circuit|34.7333|126.417|Yeongam County|Korea|2011|16|2011-10-16|06:00:00Z|Korean Grand Prix|95.82|98.78869565217393|98.354|2.1883551198182576|103.09820043015436|102.64454184930078|2.283818743287685
0|buddh|http://en.wikipedia.org/wiki/2011_Indian_Grand_Prix|Buddh International Circuit|28.3487|77.5331|Uttar Pradesh|India|2011|17|2011-10-30|09:30:00Z|Indian Grand Prix|84.178|87.04558333333334|86.42|2.3975072184080783|103.40657099638071|102.66340373969447|2.848139915902112
0|yas_marina|http://en.wikipedia.org/wiki/2011_Abu_Dhabi_Grand_Prix|Yas Marina Circuit|24.4672|54.6031|Abu Dhabi|UAE|2011|18|2011-11-13|13:00:00Z|Abu Dhabi Grand Prix|98.434|101.1983043478261|100.919|2.145182455363278|102.80828204464525|102.52453420566066|2.1793104571218036
0|interlagos|http://en.wikipedia.org/wiki/2011_Brazilian_Grand_Prix|Autódromo José Carlos Pace|-23.7036|-46.6997|São Paulo|Brazil|2011|19|2011-11-27|16:00:00Z|Brazilian Grand Prix|71.918|74.04454166666666|73.80250000000001|1.5706014073586916|102.9568976704951|102.62034539336466|2.183878037985888
0|albert_park|http://en.wikipedia.org/wiki/2012_Australian_Grand_Prix|Albert Park Grand Prix Circuit|-37.8497|144.968|Melbourne|Australia|2012|1|2012-03-18|06:00:00Z|Australian Grand Prix|84.922|87.42066666666669|86.4615|2.555973730331541|102.94230784327578|101.81284001789878|3.009789842834059
0|sepang|http://en.wikipedia.org/wiki/2012_Malaysian_Grand_Prix|Sepang International Circuit|2.76083|101.738|Kuala Lumpur|Malaysia|2012|2|2012-03-25|08:00:00Z|Malaysian Grand Prix|96.219|98.26100000000001|97.786|2.068259255467285|102.12224196884192|101.62857647657947|2.1495331020560235
0|shanghai|http://en.wikipedia.org/wiki/2012_Chinese_Grand_Prix|Shanghai International Circuit|31.3389|121.22|Shanghai|China|2012|3|2012-04-15|07:00:00Z|Chinese Grand Prix|95.121|96.98312499999999|96.269|1.6807155389375341|101.95763816612526|101.20688386371043|1.7669237486333562
0|bahrain|http://en.wikipedia.org/wiki/2012_Bahrain_Grand_Prix|Bahrain International Circuit|26.0325|50.5106|Sakhir|Bahrain|2012|4|2012-04-22|12:00:00Z|Bahrain Grand Prix|92.422|94.40195833333333|93.8065|1.838086066943752|102.14230197716272|101.49801995195949|1.988797112098584
0|catalunya|http://en.wikipedia.org/wiki/2012_Spanish_Grand_Prix|Circuit de Barcelona-Catalunya|41.57|2.26111|Montmeló|Spain|2012|5|2012-05-13|12:00:00Z|Spanish Grand Prix|81.707|83.98145833333334|83.051|2.210766205544971|102.78367622521124|101.64490190558949|2.705724363328689
0|monaco|http://en.wikipedia.org/wiki/2012_Monaco_Grand_Prix|Circuit de Monaco|43.7347|7.42056|Monte-Carlo|Monaco|2012|6|2012-05-27|12:00:00Z|Monaco Grand Prix|74.301|75.89995652173913|75.508|1.426434667855518|102.15199865646375|101.62447342566048|1.9198054775245508
0|villeneuve|http://en.wikipedia.org/wiki/2012_Canadian_Grand_Prix|Circuit Gilles Villeneuve|45.5|-73.5228|Montreal|Canada|2012|7|2012-06-10|18:00:00Z|Canadian Grand Prix|73.784|75.39054166666666|74.741|1.3832188037537547|102.17735778307853|101.29702916621488|1.8746866580203743
0|valencia|http://en.wikipedia.org/wiki/2012_European_Grand_Prix|Valencia Street Circuit|39.4589|-0.331667|Valencia|Spain|2012|8|2012-06-24|12:00:00Z|European Grand Prix|98.086|99.48726086956522|98.77|1.3694156755675466|101.42860435695738|100.6973472259038|1.396137752143575
0|silverstone|http://en.wikipedia.org/wiki/2012_British_Grand_Prix|Silverstone Circuit|52.0786|-1.01694|Silverstone|UK|2012|9|2012-07-08|12:00:00Z|British Grand Prix|106.279|108.21774999999998|107.35499999999999|2.299090297411604|101.8242079808805|101.01242954864085|2.1632592491570324
0|hockenheimring|http://en.wikipedia.org/wiki/2012_German_Grand_Prix|Hockenheimring|49.3278|8.56583|Hockenheim|Germany|2012|10|2012-07-22|12:00:00Z|German Grand Prix|75.693|77.02120833333332|76.4905|1.3473122029067546|101.75473073247638|101.05359808700936|1.7799693537140224
0|hungaroring|http://en.wikipedia.org/wiki/2012_Hungarian_Grand_Prix|Hungaroring|47.5789|19.2486|Budapest|Hungary|2012|11|2012-07-29|12:00:00Z|Hungarian Grand Prix|80.953|82.62995833333333|81.854|1.5908980641016304|102.07152092366353|101.11299148888861|1.9652119922691331
0|spa|http://en.wikipedia.org/wiki/2012_Belgian_Grand_Prix|Circuit de Spa-Francorchamps|50.4372|5.97139|Spa|Belgium|2012|12|2012-09-02|12:00:00Z|Belgian Grand Prix|107.573|109.76470833333333|108.968|2.045410886311252|102.0374149027482|101.29679380513699|1.9014166066868567
0|monza|http://en.wikipedia.org/wiki/2012_Italian_Grand_Prix|Autodromo Nazionale di Monza|45.6156|9.28111|Monza|Italy|2012|13|2012-09-09|12:00:00Z|Italian Grand Prix|84.01|85.31391304347825|84.82|1.1529336854320604|101.55209265977655|100.96417093203189|1.3723767235234605
0|marina_bay|http://en.wikipedia.org/wiki/2012_Singapore_Grand_Prix|Marina Bay Street Circuit|1.2914|103.864|Marina Bay|Singapore|2012|14|2012-09-23|12:00:00Z|Singapore Grand Prix|106.362|108.88845833333333|108.25649999999999|1.9720975145474091|102.37533925023347|101.78118124894229|1.854137299550034
0|suzuka|http://en.wikipedia.org/wiki/2012_Japanese_Grand_Prix|Suzuka Circuit|34.8431|136.541|Suzuka|Japan|2012|15|2012-10-07|06:00:00Z|Japanese Grand Prix|90.839|92.98724999999997|92.398|1.6171046926394468|102.36489833661756|101.71622320809344|1.7801876866097677
0|yeongam|http://en.wikipedia.org/wiki/2012_Korean_Grand_Prix|Korean International Circuit|34.7333|126.417|Yeongam County|Korea|2012|16|2012-10-14|06:00:00Z|Korean Grand Prix|97.242|98.86999999999999|98.46|1.4481164568940124|101.67417371094791|101.25254519652|1.4891882693630456
0|buddh|http://en.wikipedia.org/wiki/2012_Indian_Grand_Prix|Buddh International Circuit|28.3487|77.5331|Uttar Pradesh|India|2012|17|2012-10-28|09:30:00Z|Indian Grand Prix|85.283|87.12062500000002|86.286|1.79532443023054|102.15473775547296|101.17608433099211|2.105137518884819
0|yas_marina|http://en.wikipedia.org/wiki/2012_Abu_Dhabi_Grand_Prix|Yas Marina Circuit|24.4672|54.6031|Abu Dhabi|UAE|2012|18|2012-11-04|13:00:00Z|Abu Dhabi Grand Prix|100.63|102.75233333333334|102.15100000000001|1.7597961014960184|102.10904634138261|101.51147769054955|1.7487787950869715
0|americas|http://en.wikipedia.org/wiki/2012_United_States_Grand_Prix|Circuit of the Americas|30.1328|-97.6411|Austin|USA|2012|19|2012-11-18|19:00:00Z|United States Grand Prix|95.657|98.23954166666665|97.61500000000001|2.0036083748895464|102.69979370737809|102.04689672475618|2.0945758019690603
0|interlagos|http://en.wikipedia.org/wiki/2012_Brazilian_Grand_Prix|Autódromo José Carlos Pace|-23.7036|-46.6997|São Paulo|Brazil|2012|20|2012-11-25|16:00:00Z|Brazilian Grand Prix|72.458|74.84220833333335|74.22649999999999|2.249080720015384|103.29046942136596|102.44072428165282|3.1039784703074664
0|albert_park|http://en.wikipedia.org/wiki/2013_Australian_Grand_Prix|Albert Park Grand Prix Circuit|-37.8497|144.968|Melbourne|Australia|2013|1|2013-03-17|06:00:00Z|Australian Grand Prix|87.407|96.95645454545456|98.1005|8.657106322483738|110.92527434353605|112.23414600661273|9.904362719786443
0|sepang|http://en.wikipedia.org/wiki/2013_Malaysian_Grand_Prix|Sepang International Circuit|2.76083|101.738|Kuala Lumpur|Malaysia|2013|2|2013-03-24|08:00:00Z|Malaysian Grand Prix|96.19|97.62995454545452|97.428|1.0190395327287693|101.4969898590857|101.28703607443603|1.0594027785931663
0|shanghai|http://en.wikipedia.org/wiki/2013_Chinese_Grand_Prix|Shanghai International Circuit|31.3389|121.22|Shanghai|China|2013|3|2013-04-14|07:00:00Z|Chinese Grand Prix|94.484|96.60995454545454|96.274|1.6531459036600127|102.25006831363463|101.89450065619577|1.7496569828330872
0|bahrain|http://en.wikipedia.org/wiki/2013_Bahrain_Grand_Prix|Bahrain International Circuit|26.0325|50.5106|Sakhir|Bahrain|2013|4|2013-04-21|12:00:00Z|Bahrain Grand Prix|92.33|93.95927272727273|93.80799999999999|1.2034160576426625|101.76461900495259|101.60077981154555|1.3033857442246966
0|catalunya|http://en.wikipedia.org/wiki/2013_Spanish_Grand_Prix|Circuit de Barcelona-Catalunya|41.57|2.26111|Montmeló|Spain|2013|5|2013-05-12|12:00:00Z|Spanish Grand Prix|80.718|82.41995454545454|82.1465|1.3724990928012502|102.1085192218025|101.76974156941449|1.7003631071152054
0|monaco|http://en.wikipedia.org/wiki/2013_Monaco_Grand_Prix|Circuit de Monaco|43.7347|7.42056|Monte-Carlo|Monaco|2013|6|2013-05-26|12:00:00Z|Monaco Grand Prix|73.876|78.50735000000002|77.017|4.76879699356027|106.26908603606041|104.25171909686502|6.455136977584424
0|villeneuve|http://en.wikipedia.org/wiki/2013_Canadian_Grand_Prix|Circuit Gilles Villeneuve|45.5|-73.5228|Montreal|Canada|2013|7|2013-06-09|18:00:00Z|Canadian Grand Prix|82.318|84.53418181818179|84.292|1.2315184447070526|102.6922201926454|102.39801744454434|1.496050006932935
0|silverstone|http://en.wikipedia.org/wiki/2013_British_Grand_Prix|Silverstone Circuit|52.0786|-1.01694|Silverstone|UK|2013|8|2013-06-30|12:00:00Z|British Grand Prix|89.607|91.89681818181818|91.714|1.681339110192588|102.55540100864685|102.35137879853136|1.876347952941835
0|nurburgring|http://en.wikipedia.org/wiki/2013_German_Grand_Prix|Nürburgring|50.3356|6.9475|Nürburg|Germany|2013|9|2013-07-07|12:00:00Z|German Grand Prix|89.398|90.96090909090908|90.5115|1.3788977968649927|101.7482595705822|101.24555359180295|1.5424257778305897
0|hungaroring|http://en.wikipedia.org/wiki/2013_Hungarian_Grand_Prix|Hungaroring|47.5789|19.2486|Budapest|Hungary|2013|10|2013-07-28|12:00:00Z|Hungarian Grand Prix|79.388|81.00327272727273|80.5745|1.407328579828369|102.03465602770284|101.4945583715423|1.7727220484561492
0|spa|http://en.wikipedia.org/wiki/2013_Belgian_Grand_Prix|Circuit de Spa-Francorchamps|50.4372|5.97139|Spa|Belgium|2013|11|2013-08-25|12:00:00Z|Belgian Grand Prix|108.296|113.47413636363636|109.09549999999999|6.852317246536834|104.78146594854508|100.73825441382876|6.327396438037264
0|monza|http://en.wikipedia.org/wiki/2013_Italian_Grand_Prix|Autodromo Nazionale di Monza|45.6156|9.28111|Monza|Italy|2013|12|2013-09-08|12:00:00Z|Italian Grand Prix|83.755|84.94945454545456|84.5995|1.0309995486245718|101.42612924058807|101.00829801205899|1.230970746372841
0|marina_bay|http://en.wikipedia.org/wiki/2013_Singapore_Grand_Prix|Marina Bay Street Circuit|1.2914|103.864|Marina Bay|Singapore|2013|13|2013-09-22|12:00:00Z|Singapore Grand Prix|102.841|105.09345454545452|104.5715|1.9297324938538754|102.19023010808387|101.68269464513182|1.876423307682612
0|yeongam|http://en.wikipedia.org/wiki/2013_Korean_Grand_Prix|Korean International Circuit|34.7333|126.417|Yeongam County|Korea|2013|14|2013-10-06|06:00:00Z|Korean Grand Prix|97.202|98.75795454545455|98.36349999999999|1.2821844632639632|101.60074334422602|101.19493426061192|1.3190926763481903
0|suzuka|http://en.wikipedia.org/wiki/2013_Japanese_Grand_Prix|Suzuka Circuit|34.8431|136.541|Suzuka|Japan|2013|15|2013-10-13|06:00:00Z|Japanese Grand Prix|90.915|92.35409090909091|91.9905|1.256967738688584|101.58289711168776|101.18297310674807|1.3825746452055023
0|buddh|http://en.wikipedia.org/wiki/2013_Indian_Grand_Prix|Buddh International Circuit|28.3487|77.5331|Uttar Pradesh|India|2013|16|2013-10-27|09:30:00Z|Indian Grand Prix|84.119|85.84045454545455|85.61500000000001|0.9853609794081866|102.0464515097119|101.77843293429547|1.1713893168109315
0|yas_marina|http://en.wikipedia.org/wiki/2013_Abu_Dhabi_Grand_Prix|Yas Marina Circuit|24.4672|54.6031|Abu Dhabi|UAE|2013|17|2013-11-03|13:00:00Z|Abu Dhabi Grand Prix|99.957|101.43590909090908|101.113|1.1719645658990474|101.4795452953861|101.15649729383635|1.1724687274518522
0|americas|http://en.wikipedia.org/wiki/2013_United_States_Grand_Prix|Circuit of the Americas|30.1328|-97.6411|Austin|USA|2013|18|2013-11-17|19:00:00Z|United States Grand Prix|96.338|98.3789090909091|98.13499999999999|1.3820269761370667|102.11848812608638|101.86530756295542|1.4345605847506333
0|interlagos|http://en.wikipedia.org/wiki/2013_Brazilian_Grand_Prix|Autódromo José Carlos Pace|-23.7036|-46.6997|São Paulo|Brazil|2013|19|2013-11-24|16:00:00Z|Brazilian Grand Prix|85.342|86.83881818181818|86.7655|0.9458557041044966|101.753905675773|101.66799465679269|1.1083120903007868
0|albert_park|http://en.wikipedia.org/wiki/2014_Australian_Grand_Prix|Albert Park Grand Prix Circuit|-37.8497|144.968|Melbourne|Australia|2014|1|2014-03-16|06:00:00Z|Australian Grand Prix|90.775|93.12238095238096|93.488|1.694657944134759|102.58593329923542|102.98870834480857|1.8668773826876968
0|sepang|http://en.wikipedia.org/wiki/2014_Malaysian_Grand_Prix|Sepang International Circuit|2.76083|101.738|Kuala Lumpur|Malaysia|2014|2|2014-03-30|08:00:00Z|Malaysian Grand Prix|117.183|120.57068181818181|120.279|2.1002518530691376|102.89093283000247|102.64202145362381|1.7922837383145493
0|bahrain|http://en.wikipedia.org/wiki/2014_Bahrain_Grand_Prix|Bahrain International Circuit|26.0325|50.5106|Sakhir|Bahrain|2014|3|2014-04-06|15:00:00Z|Bahrain Grand Prix|93.185|95.35313636363635|94.92949999999999|1.3853360017202818|102.3267010394767|101.87208241669795|1.4866512869241642
0|shanghai|http://en.wikipedia.org/wiki/2014_Chinese_Grand_Prix|Shanghai International Circuit|31.3389|121.22|Shanghai|China|2014|4|2014-04-20|07:00:00Z|Chinese Grand Prix|113.86|117.05204761904761|116.86|1.943087812637156|102.80348464697664|102.6348146847005|1.7065587674663236
0|catalunya|http://en.wikipedia.org/wiki/2014_Spanish_Grand_Prix|Circuit de Barcelona-Catalunya|41.57|2.26111|Montmeló|Spain|2014|5|2014-05-11|12:00:00Z|Spanish Grand Prix|85.232|87.79799999999999|87.685|1.4532129919595405|103.01060634503472|102.87802703210063|1.7050086727514793
0|monaco|http://en.wikipedia.org/wiki/2014_Monaco_Grand_Prix|Circuit de Monaco|43.7347|7.42056|Monte-Carlo|Monaco|2014|6|2014-05-25|12:00:00Z|Monaco Grand Prix|75.989|78.03077272727272|77.868|1.3907014308243757|102.68693196024786|102.47272631565095|1.830135191704558
0|villeneuve|http://en.wikipedia.org/wiki/2014_Canadian_Grand_Prix|Circuit Gilles Villeneuve|45.5|-73.5228|Montreal|Canada|2014|7|2014-06-08|18:00:00Z|Canadian Grand Prix|74.874|76.68538095238094|76.3|1.3846305816422828|102.41923892456788|101.90453294868713|1.8492809007696716
0|red_bull_ring|http://en.wikipedia.org/wiki/2014_Austrian_Grand_Prix|Red Bull Ring|47.2197|14.7647|Spielberg|Austria|2014|8|2014-06-22|12:00:00Z|Austrian Grand Prix|68.759|70.09777272727274|69.767|1.0724485527373337|101.94705089846092|101.46598990677583|1.5597209859615946
0|silverstone|http://en.wikipedia.org/wiki/2014_British_Grand_Prix|Silverstone Circuit|52.0786|-1.01694|Silverstone|UK|2014|9|2014-07-06|12:00:00Z|British Grand Prix|94.87|100.66995454545454|98.60249999999999|4.647836675243684|106.11358126431384|103.93433119004953|4.899163777003989
0|hockenheimring|http://en.wikipedia.org/wiki/2014_German_Grand_Prix|Hockenheimring|49.3278|8.56583|Hockenheim|Germany|2014|10|2014-07-20|12:00:00Z|German Grand Prix|76.54|78.33719047619047|78.193|1.1514082516226647|102.34804086254306|102.15965508230988|1.504322251924044
0|hungaroring|http://en.wikipedia.org/wiki/2014_Hungarian_Grand_Prix|Hungaroring|47.5789|19.2486|Budapest|Hungary|2014|11|2014-07-27|12:00:00Z|Hungarian Grand Prix|82.715|85.07669999999999|84.6765|1.6062015702303758|102.85522577525236|102.37139575651332|1.9418504143509354
0|spa|http://en.wikipedia.org/wiki/2014_Belgian_Grand_Prix|Circuit de Spa-Francorchamps|50.4372|5.97139|Spa|Belgium|2014|12|2014-08-24|12:00:00Z|Belgian Grand Prix|125.591|129.80640909090909|129.591|2.3563927366712916|103.35645793958889|103.1849415961335|1.876243310962801
0|monza|http://en.wikipedia.org/wiki/2014_Italian_Grand_Prix|Autodromo Nazionale di Monza|45.6156|9.28111|Monza|Italy|2014|13|2014-09-07|12:00:00Z|Italian Grand Prix|84.109|86.20154545454545|86.09|1.2578183201110276|102.48789719833245|102.3552770809307|1.4954622217729714
0|marina_bay|http://en.wikipedia.org/wiki/2014_Singapore_Grand_Prix|Marina Bay Street Circuit|1.2914|103.864|Marina Bay|Singapore|2014|14|2014-09-21|12:00:00Z|Singapore Grand Prix|105.681|107.47804545454547|106.96600000000001|1.823584577726302|101.70044327224899|101.21592339209508|1.725555755269447
0|suzuka|http://en.wikipedia.org/wiki/2014_Japanese_Grand_Prix|Suzuka Circuit|34.8431|136.541|Suzuka|Japan|2014|15|2014-10-05|06:00:00Z|Japanese Grand Prix|92.506|94.915|94.99199999999999|1.389440894748675|102.60415540613582|102.68739325016756|1.502000837511812
0|sochi|http://en.wikipedia.org/wiki/2014_Russian_Grand_Prix|Sochi Autodrom|43.4057|39.9578|Sochi|Russia|2014|16|2014-10-12|11:00:00Z|Russian Grand Prix|98.338|100.52533333333332|100.052|1.6654237398732283|102.22430121960315|101.74296813032603|1.6935708880323288
0|americas|http://en.wikipedia.org/wiki/2014_United_States_Grand_Prix|Circuit of the Americas|30.1328|-97.6411|Austin|USA|2014|17|2014-11-02|20:00:00Z|United States Grand Prix|96.067|98.08005555555559|98.09100000000001|1.0787534457567345|102.09547040664908|102.10686291858806|1.1229178029466256
0|interlagos|http://en.wikipedia.org/wiki/2014_Brazilian_Grand_Prix|Autódromo José Carlos Pace|-23.7036|-46.6997|São Paulo|Brazil|2014|18|2014-11-09|16:00:00Z|Brazilian Grand Prix|70.023|71.20772222222223|71.087|0.7291171781525414|101.69190440601261|101.51950073547265|1.0412538425268014
0|yas_marina|http://en.wikipedia.org/wiki/2014_Abu_Dhabi_Grand_Prix|Yas Marina Circuit|24.4672|54.6031|Abu Dhabi|UAE|2014|19|2014-11-23|13:00:00Z|Abu Dhabi Grand Prix|100.48|102.28572222222222|102.1875|1.1569522236083987|101.7970961606511|101.69934315286623|1.1514253817758764
0|albert_park|http://en.wikipedia.org/wiki/2015_Australian_Grand_Prix|Albert Park Grand Prix Circuit|-37.8497|144.968|Melbourne|Australia|2015|1|2015-03-15|05:00:00Z|Australian Grand Prix|86.327|88.8005|88.643|1.5094542157388424|102.8652681084713|102.68282229198282|1.7485308370948176
0|sepang|http://en.wikipedia.org/wiki/2015_Malaysian_Grand_Prix|Sepang International Circuit|2.76083|101.738|Kuala Lumpur|Malaysia|2015|2|2015-03-29|07:00:00Z|Malaysian Grand Prix|99.269|100.80926315789475|100.504|1.5719982627254072|101.55160539331989|101.244094329549|1.5835741900547091
0|shanghai|http://en.wikipedia.org/wiki/2015_Chinese_Grand_Prix|Shanghai International Circuit|31.3389|121.22|Shanghai|China|2015|3|2015-04-12|06:00:00Z|Chinese Grand Prix|95.782|98.29839999999999|98.1305|1.7574271086179538|102.62721596959764|102.45192207304086|1.8348198081246507
0|bahrain|http://en.wikipedia.org/wiki/2015_Bahrain_Grand_Prix|Bahrain International Circuit|26.0325|50.5106|Sakhir|Bahrain|2015|4|2015-04-19|15:00:00Z|Bahrain Grand Prix|92.571|94.74931578947368|94.462|1.8290956797958786|102.35312980250153|102.04275637078568|1.9758841103540852
0|catalunya|http://en.wikipedia.org/wiki/2015_Spanish_Grand_Prix|Circuit de Barcelona-Catalunya|41.57|2.26111|Montmeló|Spain|2015|5|2015-05-10|12:00:00Z|Spanish Grand Prix|84.681|87.23305000000002|86.9865|1.8620000982248828|103.01372208641844|102.72257058844369|2.1988404697923807
0|monaco|http://en.wikipedia.org/wiki/2015_Monaco_Grand_Prix|Circuit de Monaco|43.7347|7.42056|Monte-Carlo|Monaco|2015|6|2015-05-24|12:00:00Z|Monaco Grand Prix|75.098|77.24419999999998|76.9075|1.5102665711024235|102.8578657221231|102.40951822951345|2.0110609751290625
0|villeneuve|http://en.wikipedia.org/wiki/2015_Canadian_Grand_Prix|Circuit Gilles Villeneuve|45.5|-73.5228|Montreal|Canada|2015|7|2015-06-07|18:00:00Z|Canadian Grand Prix|74.393|76.21831578947369|76.006|1.3380309352274808|102.45361228808312|102.16821475138791|1.7985978993016587
0|red_bull_ring|http://en.wikipedia.org/wiki/2015_Austrian_Grand_Prix|Red Bull Ring|47.2197|14.7647|Spielberg|Austria|2015|8|2015-06-21|12:00:00Z|Austrian Grand Prix|68.455|70.62545|70.14699999999999|1.8926809021513429|103.17062303703162|102.47169673508144|2.7648541408974405
0|silverstone|http://en.wikipedia.org/wiki/2015_British_Grand_Prix|Silverstone Circuit|52.0786|-1.01694|Silverstone|UK|2015|9|2015-07-05|12:00:00Z|British Grand Prix|92.248|94.3181|93.9995|1.641753744595923|102.24405949180469|101.89868615037724|1.779717440590499
0|hungaroring|http://en.wikipedia.org/wiki/2015_Hungarian_Grand_Prix|Hungaroring|47.5789|19.2486|Budapest|Hungary|2015|10|2015-07-26|12:00:00Z|Hungarian Grand Prix|82.02|84.06320000000002|83.8155|1.4754496763252962|102.49109973177274|102.18910021945868|1.7988901198796599
0|spa|http://en.wikipedia.org/wiki/2015_Belgian_Grand_Prix|Circuit de Spa-Francorchamps|50.4372|5.97139|Spa|Belgium|2015|11|2015-08-23|12:00:00Z|Belgian Grand Prix|107.197|109.49205000000002|109.09299999999999|1.5443312459988685|102.14096476580501|101.76870621379328|1.4406478222327757
0|monza|http://en.wikipedia.org/wiki/2015_Italian_Grand_Prix|Autodromo Nazionale di Monza|45.6156|9.28111|Monza|Italy|2015|12|2015-09-06|12:00:00Z|Italian Grand Prix|83.383|84.95884210526316|84.51|1.3127450570447117|101.88988415535921|101.35159444970799|1.5743557524252105
0|marina_bay|http://en.wikipedia.org/wiki/2015_Singapore_Grand_Prix|Marina Bay Street Circuit|1.2914|103.864|Marina Bay|Singapore|2015|13|2015-09-20|12:00:00Z|Singapore Grand Prix|103.885|106.32755|105.84800000000001|1.9126256814568856|102.35120566010494|101.88958944987246|1.841098985856365
0|suzuka|http://en.wikipedia.org/wiki/2015_Japanese_Grand_Prix|Suzuka Circuit|34.8431|136.541|Suzuka|Japan|2015|14|2015-09-27|05:00:00Z|Japanese Grand Prix|92.584|94.98384999999999|94.2955|3.1802625723275386|102.59207854488898|101.84859154929578|3.4350023463314816
0|sochi|http://en.wikipedia.org/wiki/2015_Russian_Grand_Prix|Sochi Autodrom|43.4057|39.9578|Sochi|Russia|2015|15|2015-10-11|11:00:00Z|Russian Grand Prix|97.113|99.36352631578949|98.926|1.7800359661916016|102.31743053534487|101.86689732579572|1.83295332879388
0|americas|http://en.wikipedia.org/wiki/2015_United_States_Grand_Prix|Circuit of the Americas|30.1328|-97.6411|Austin|USA|2015|16|2015-10-25|19:00:00Z|United States Grand Prix|116.495|120.13600000000001|119.6365|2.8672436057539383|103.12545602815571|102.69668226104123|2.4612589430910643
0|rodriguez|http://en.wikipedia.org/wiki/2015_Mexican_Grand_Prix|Autódromo Hermanos Rodríguez|19.4042|-99.0907|Mexico City|Mexico|2015|17|2015-11-01|19:00:00Z|Mexican Grand Prix|79.48|81.10673684210526|80.788|1.280467702838183|102.04672476359494|101.64569703069955|1.6110564957702356
0|interlagos|http://en.wikipedia.org/wiki/2015_Brazilian_Grand_Prix|Autódromo José Carlos Pace|-23.7036|-46.6997|São Paulo|Brazil|2015|18|2015-11-15|16:00:00Z|Brazilian Grand Prix|71.282|72.92173684210526|72.712|1.3208793721568495|102.30035190104832|102.006116551163|1.8530335458556852
0|yas_marina|http://en.wikipedia.org/wiki/2015_Abu_Dhabi_Grand_Prix|Yas Marina Circuit|24.4672|54.6031|Abu Dhabi|UAE|2015|19|2015-11-29|13:00:00Z|Abu Dhabi Grand Prix|100.237|102.55609999999999|102.5015|1.7364441858367665|102.31361672835381|102.2591458243962|1.7323385434886993
0|albert_park|http://en.wikipedia.org/wiki/2016_Australian_Grand_Prix|Albert Park Grand Prix Circuit|-37.8497|144.968|Melbourne|Australia|2016|1|2016-03-20|05:00:00Z|Australian Grand Prix|83.837|86.57950000000001|86.043|1.7256726431825267|103.27122869377482|102.63129644429071|2.0583664052656085
0|bahrain|http://en.wikipedia.org/wiki/2016_Bahrain_Grand_Prix|Bahrain International Circuit|26.0325|50.5106|Sakhir|Bahrain|2016|2|2016-04-03|15:00:00Z|Bahrain Grand Prix|89.493|91.86168181818182|91.85300000000001|1.3546439485240138|102.64677887452855|102.63707776027177|1.51368704649974
0|shanghai|http://en.wikipedia.org/wiki/2016_Chinese_Grand_Prix|Shanghai International Circuit|31.3389|121.22|Shanghai|China|2016|3|2016-04-17|06:00:00Z|Chinese Grand Prix|95.402|97.5234|97.34|1.3193836838702966|102.22364311020733|102.03140395379552|1.3829727719233325
0|sochi|http://en.wikipedia.org/wiki/2016_Russian_Grand_Prix|Sochi Autodrom|43.4057|39.9578|Sochi|Russia|2016|4|2016-05-01|12:00:00Z|Russian Grand Prix|95.337|97.69200000000001|97.6765|1.1894323976466372|102.47018471317534|102.45392659722877|1.2476083762302523
0|catalunya|http://en.wikipedia.org/wiki/2016_Spanish_Grand_Prix|Circuit de Barcelona-Catalunya|41.57|2.26111|Montmeló|Spain|2016|5|2016-05-15|12:00:00Z|Spanish Grand Prix|82.0|84.10172727272727|84.2755|1.0808005490560337|102.5630820399113|102.775|1.318049450068332
0|monaco|http://en.wikipedia.org/wiki/2016_Monaco_Grand_Prix|Circuit de Monaco|43.7347|7.42056|Monte-Carlo|Monaco|2016|6|2016-05-29|12:00:00Z|Monaco Grand Prix|73.622|75.60038095238096|75.273|1.8795631267981|102.68721435492236|102.24253619841895|2.552991126019532
0|villeneuve|http://en.wikipedia.org/wiki/2016_Canadian_Grand_Prix|Circuit Gilles Villeneuve|45.5|-73.5228|Montreal|Canada|2016|7|2016-06-12|18:00:00Z|Canadian Grand Prix|72.812|74.39014285714285|74.317|1.176800122608522|102.16742138266062|102.06696698346427|1.6162172754608064
0|baku|http://en.wikipedia.org/wiki/2016_European_Grand_Prix|Baku City Circuit|40.3725|49.8533|Baku|Azerbaijan|2016|8|2016-06-19|13:00:00Z|European Grand Prix|102.52|104.8415|104.7895|1.0041559710949872|102.26443620756926|102.21371439719078|0.9794732453130989
0|red_bull_ring|http://en.wikipedia.org/wiki/2016_Austrian_Grand_Prix|Red Bull Ring|47.2197|14.7647|Spielberg|Austria|2016|9|2016-07-03|12:00:00Z|Austrian Grand Prix|66.228|67.44181818181818|67.575|0.6398410990508759|101.83278701126137|102.03388294980977|0.966118709686048
0|silverstone|http://en.wikipedia.org/wiki/2016_British_Grand_Prix|Silverstone Circuit|52.0786|-1.01694|Silverstone|UK|2016|10|2016-07-10|12:00:00Z|British Grand Prix|89.243|91.75014285714286|91.875|1.1666788883713586|102.80934399016489|102.94925092164091|1.3073057700563173
0|hungaroring|http://en.wikipedia.org/wiki/2016_Hungarian_Grand_Prix|Hungaroring|47.5789|19.2486|Budapest|Hungary|2016|11|2016-07-24|12:00:00Z|Hungarian Grand Prix|79.965|89.14072727272728|85.12100000000001|10.945192509267942|111.47467926308671|106.44782092165323|13.68747890860744
0|hockenheimring|http://en.wikipedia.org/wiki/2016_German_Grand_Prix|Hockenheimring|49.3278|8.56583|Hockenheim|Germany|2016|12|2016-07-31|12:00:00Z|German Grand Prix|74.363|75.87072727272728|75.896|0.8651328101631449|102.02752346291469|102.06150908381855|1.1633914852320966
0|spa|http://en.wikipedia.org/wiki/2016_Belgian_Grand_Prix|Circuit de Spa-Francorchamps|50.4372|5.97139|Spa|Belgium|2016|13|2016-08-28|12:00:00Z|Belgian Grand Prix|106.744|108.13347619047619|108.316|0.9237845863104472|101.30169020317412|101.47268230532865|0.8654206197167515
0|monza|http://en.wikipedia.org/wiki/2016_Italian_Grand_Prix|Autodromo Nazionale di Monza|45.6156|9.28111|Monza|Italy|2016|14|2016-09-04|12:00:00Z|Italian Grand Prix|81.135|82.97880952380953|82.967|0.8786420556203556|102.27252051988602|102.25796511986196|1.082938381241579
0|marina_bay|http://en.wikipedia.org/wiki/2016_Singapore_Grand_Prix|Marina Bay Street Circuit|1.2914|103.864|Marina Bay|Singapore|2016|15|2016-09-18|12:00:00Z|Singapore Grand Prix|102.584|105.28340909090907|104.8655|1.763596640501907|102.63141336944271|102.22403103797862|1.7191732048876127
0|sepang|http://en.wikipedia.org/wiki/2016_Malaysian_Grand_Prix|Sepang International Circuit|2.76083|101.738|Kuala Lumpur|Malaysia|2016|16|2016-10-02|07:00:00Z|Malaysian Grand Prix|92.85|94.84009090909093|94.789|1.1873189048516752|102.14333969745925|102.08831448572968|1.2787494936474724
0|suzuka|http://en.wikipedia.org/wiki/2016_Japanese_Grand_Prix|Suzuka Circuit|34.8431|136.541|Suzuka|Japan|2016|17|2016-10-09|05:00:00Z|Japanese Grand Prix|90.647|92.21595454545455|92.3475|0.9119574174098428|101.7308400117539|101.87595838803269|1.0060536117133976
0|americas|http://en.wikipedia.org/wiki/2016_United_States_Grand_Prix|Circuit of the Americas|30.1328|-97.6411|Austin|USA|2016|18|2016-10-23|19:00:00Z|United States Grand Prix|94.999|97.22586363636361|97.381|1.1485986615356059|102.34409166029499|102.50739481468227|1.2090639496580036
0|rodriguez|http://en.wikipedia.org/wiki/2016_Mexican_Grand_Prix|Autódromo Hermanos Rodríguez|19.4042|-99.0907|Mexico City|Mexico|2016|19|2016-10-30|19:00:00Z|Mexican Grand Prix|78.704|80.32133333333334|80.282|1.0697362447507015|102.05495696957377|102.00498068713154|1.3591891705004848
0|interlagos|http://en.wikipedia.org/wiki/2016_Brazilian_Grand_Prix|Autódromo José Carlos Pace|-23.7036|-46.6997|São Paulo|Brazil|2016|20|2016-11-13|16:00:00Z|Brazilian Grand Prix|70.736|72.40936363636365|72.4255|0.9031423209816114|102.36564639838785|102.38845849355349|1.2767788975650483
0|yas_marina|http://en.wikipedia.org/wiki/2016_Abu_Dhabi_Grand_Prix|Yas Marina Circuit|24.4672|54.6031|Abu Dhabi|UAE|2016|21|2016-11-27|13:00:00Z|Abu Dhabi Grand Prix|98.755|100.99840909090909|101.12100000000001|1.163919963665106|102.2716916519762|102.39582805933877|1.1785934521443022
0|albert_park|http://en.wikipedia.org/wiki/2017_Australian_Grand_Prix|Albert Park Grand Prix Circuit|-37.8497|144.968|Melbourne|Australia|2017|1|2017-03-26|05:00:00Z|Australian Grand Prix|82.188|84.89635000000001|84.7435|1.707476324101866|103.29531075096119|103.10933469606267|2.0775250938115866
0|shanghai|http://en.wikipedia.org/wiki/2017_Chinese_Grand_Prix|Shanghai International Circuit|31.3389|121.22|Shanghai|China|2017|2|2017-04-09|06:00:00Z|Chinese Grand Prix|91.678|93.90365|94.06800000000001|1.2499870851964408|102.42768166844829|102.60695041340344|1.3634537023020126
0|bahrain|http://en.wikipedia.org/wiki/2017_Bahrain_Grand_Prix|Bahrain International Circuit|26.0325|50.5106|Sakhir|Bahrain|2017|3|2017-04-16|15:00:00Z|Bahrain Grand Prix|88.769|90.83099999999999|90.911|1.3178909387031204|102.32288298843065|102.41300453987314|1.4846297003493547
0|sochi|http://en.wikipedia.org/wiki/2017_Russian_Grand_Prix|Sochi Autodrom|43.4057|39.9578|Sochi|Russia|2017|4|2017-04-30|12:00:00Z|Russian Grand Prix|93.194|95.535|95.5995|1.3752727959055588|102.51196428954651|102.5811747537395|1.4757095906448454
0|catalunya|http://en.wikipedia.org/wiki/2017_Spanish_Grand_Prix|Circuit de Barcelona-Catalunya|41.57|2.26111|Montmeló|Spain|2017|5|2017-05-14|12:00:00Z|Spanish Grand Prix|79.149|81.06844999999998|81.2755|1.1816329234535867|102.42510960340626|102.68670482254986|1.492922113297185
0|monaco|http://en.wikipedia.org/wiki/2017_Monaco_Grand_Prix|Circuit de Monaco|43.7347|7.42056|Monte-Carlo|Monaco|2017|6|2017-05-28|12:00:00Z|Monaco Grand Prix|72.178|73.53740000000002|73.4845|0.9264119465641851|101.88339937377039|101.8101083432625|1.2835101368341968
0|villeneuve|http://en.wikipedia.org/wiki/2017_Canadian_Grand_Prix|Circuit Gilles Villeneuve|45.5|-73.5228|Montreal|Canada|2017|7|2017-06-11|18:00:00Z|Canadian Grand Prix|71.459|73.2909|73.47|0.9525904239438228|102.56356792006605|102.81420115030997|1.333058710510676
0|baku|http://en.wikipedia.org/wiki/2017_Azerbaijan_Grand_Prix|Baku City Circuit|40.3725|49.8533|Baku|Azerbaijan|2017|8|2017-06-25|13:00:00Z|Azerbaijan Grand Prix|100.593|102.92147368421054|102.735|1.31583642044903|102.31474723311813|102.12937281918224|1.3080795089608928
0|red_bull_ring|http://en.wikipedia.org/wiki/2017_Austrian_Grand_Prix|Red Bull Ring|47.2197|14.7647|Spielberg|Austria|2017|9|2017-07-09|12:00:00Z|Austrian Grand Prix|64.251|65.58805|65.5735|0.8279514017647467|102.08097928436909|102.05833372243232|1.2886202576843113
0|silverstone|http://en.wikipedia.org/wiki/2017_British_Grand_Prix|Silverstone Circuit|52.0786|-1.01694|Silverstone|UK|2017|10|2017-07-16|12:00:00Z|British Grand Prix|86.6|92.4874|89.87100000000001|6.1746048703753615|106.79838337182449|103.7771362586605|7.130028718678249
0|hungaroring|http://en.wikipedia.org/wiki/2017_Hungarian_Grand_Prix|Hungaroring|47.5789|19.2486|Budapest|Hungary|2017|11|2017-07-30|12:00:00Z|Hungarian Grand Prix|76.276|78.0757|78.363|1.2024006732147843|102.35945775866591|102.7361162095548|1.5763813954779835
0|spa|http://en.wikipedia.org/wiki/2017_Belgian_Grand_Prix|Circuit de Spa-Francorchamps|50.4372|5.97139|Spa|Belgium|2017|12|2017-08-27|12:00:00Z|Belgian Grand Prix|102.553|104.93095000000001|105.048|1.4401849835497211|102.31875225493161|102.43288836016498|1.4043323779408934
0|monza|http://en.wikipedia.org/wiki/2017_Italian_Grand_Prix|Autodromo Nazionale di Monza|45.6156|9.28111|Monza|Italy|2017|13|2017-09-03|12:00:00Z|Italian Grand Prix|94.66|98.2242|97.58099999999999|2.283253048658981|103.76526515951828|103.08578068878089|2.412056886392332
0|marina_bay|http://en.wikipedia.org/wiki/2017_Singapore_Grand_Prix|Marina Bay Street Circuit|1.2914|103.864|Marina Bay|Singapore|2017|14|2017-09-17|12:00:00Z|Singapore Grand Prix|99.491|102.08000000000001|101.9665|1.8727837990261258|102.60224542923481|102.48816475862138|1.8823650370647866
0|sepang|http://en.wikipedia.org/wiki/2017_Malaysian_Grand_Prix|Sepang International Circuit|2.76083|101.738|Kuala Lumpur|Malaysia|2017|15|2017-10-01|07:00:00Z|Malaysian Grand Prix|90.076|91.87005263157894|91.704|1.1529190717326683|101.99170992448481|101.80736267152182|1.2799403522943609
0|suzuka|http://en.wikipedia.org/wiki/2017_Japanese_Grand_Prix|Suzuka Circuit|34.8431|136.541|Suzuka|Japan|2017|16|2017-10-08|05:00:00Z|Japanese Grand Prix|87.319|89.6309|89.7635|1.3614949175543467|102.64764827815252|102.79950526231404|1.5592195484995768
0|americas|http://en.wikipedia.org/wiki/2017_United_States_Grand_Prix|Circuit of the Americas|30.1328|-97.6411|Austin|USA|2017|17|2017-10-22|19:00:00Z|United States Grand Prix|93.108|95.16184999999999|95.081|1.3922705149654309|102.2058791940542|102.11904455041457|1.495328559270345
0|rodriguez|http://en.wikipedia.org/wiki/2017_Mexican_Grand_Prix|Autódromo Hermanos Rodríguez|19.4042|-99.0907|Mexico City|Mexico|2017|18|2017-10-29|19:00:00Z|Mexican Grand Prix|76.488|77.971|77.753|0.9825595260452282|101.93886622738206|101.65385419935153|1.2845930421049436
0|interlagos|http://en.wikipedia.org/wiki/2017_Brazilian_Grand_Prix|Autódromo José Carlos Pace|-23.7036|-46.6997|São Paulo|Brazil|2017|19|2017-11-12|16:00:00Z|Brazilian Grand Prix|68.322|69.75621052631578|69.768|0.7995578346774874|102.09919283146832|102.11644858171599|1.1702787311224598
0|yas_marina|http://en.wikipedia.org/wiki/2017_Abu_Dhabi_Grand_Prix|Yas Marina Circuit|24.4672|54.6031|Abu Dhabi|UAE|2017|20|2017-11-26|13:00:00Z|Abu Dhabi Grand Prix|96.231|98.4348|98.59299999999999|1.2797805979727033|102.29011441219566|102.45451050077418|1.3299047063552332
0|albert_park|http://en.wikipedia.org/wiki/2018_Australian_Grand_Prix|Albert Park Grand Prix Circuit|-37.8497|144.968|Melbourne|Australia|2018|1|2018-03-25|05:10:00Z|Australian Grand Prix|81.164|83.4099|83.5645|1.2193264275173004|102.76711349859545|102.95759203587797|1.5022995755720552
0|bahrain|http://en.wikipedia.org/wiki/2018_Bahrain_Grand_Prix|Bahrain International Circuit|26.0325|50.5106|Sakhir|Bahrain|2018|2|2018-04-08|15:10:00Z|Bahrain Grand Prix|87.958|89.73035000000002|89.838|1.159438896735469|102.01499579344687|102.13738375133586|1.318173329015515
0|shanghai|http://en.wikipedia.org/wiki/2018_Chinese_Grand_Prix|Shanghai International Circuit|31.3389|121.22|Shanghai|China|2018|3|2018-04-15|06:10:00Z|Chinese Grand Prix|91.095|92.91535|92.9025|1.1304504120971095|101.99829847960919|101.98419232669193|1.2409576948209105
0|baku|http://en.wikipedia.org/wiki/2018_Azerbaijan_Grand_Prix|Baku City Circuit|40.3725|49.8533|Baku|Azerbaijan|2018|4|2018-04-29|12:10:00Z|Azerbaijan Grand Prix|101.498|103.87794736842106|103.351|3.446805678590673|102.34482193582241|101.82565173698003|3.395934578603196
0|catalunya|http://en.wikipedia.org/wiki/2018_Spanish_Grand_Prix|Circuit de Barcelona-Catalunya|41.57|2.26111|Montmeló|Spain|2018|5|2018-05-13|13:10:00Z|Spanish Grand Prix|76.173|77.94652631578946|77.79|1.227604866234382|102.32828734038237|102.12279941711631|1.6116010479229925
0|monaco|http://en.wikipedia.org/wiki/2018_Monaco_Grand_Prix|Circuit de Monaco|43.7347|7.42056|Monte-Carlo|Monaco|2018|6|2018-05-27|13:10:00Z|Monaco Grand Prix|70.81|72.23357894736844|72.221|0.788955801873552|102.01042077018558|101.99265640446265|1.1141869818861063
0|villeneuve|http://en.wikipedia.org/wiki/2018_Canadian_Grand_Prix|Circuit Gilles Villeneuve|45.5|-73.5228|Montreal|Canada|2018|7|2018-06-10|18:10:00Z|Canadian Grand Prix|70.764|72.24763157894736|72.395|1.0868952832380627|102.09659089218724|102.30484427109829|1.5359438178142328
0|ricard|http://en.wikipedia.org/wiki/2018_French_Grand_Prix|Circuit Paul Ricard|43.2506|5.79167|Le Castellet|France|2018|8|2018-06-24|14:10:00Z|French Grand Prix|90.029|91.92120000000003|92.065|1.1418598217958185|102.10176720834397|102.26149351875507|1.268324453004942
0|red_bull_ring|http://en.wikipedia.org/wiki/2018_Austrian_Grand_Prix|Red Bull Ring|47.2197|14.7647|Spielberg|Austria|2018|9|2018-07-01|13:10:00Z|Austrian Grand Prix|63.13|64.50255000000001|64.76050000000001|0.7826647783458489|102.17416442261998|102.58276572152701|1.2397667960491836
0|silverstone|http://en.wikipedia.org/wiki/2018_British_Grand_Prix|Silverstone Circuit|52.0786|-1.01694|Silverstone|UK|2018|10|2018-07-08|13:10:00Z|British Grand Prix|85.892|87.52399999999999|87.8165|1.0498937761395055|101.90006054114468|102.24060448004474|1.2223417502672038
0|hockenheimring|http://en.wikipedia.org/wiki/2018_German_Grand_Prix|Hockenheimring|49.3278|8.56583|Hockenheim|Germany|2018|11|2018-07-22|13:10:00Z|German Grand Prix|71.212|72.94065|72.893|0.9535966418057256|102.42747008931079|102.36055720945907|1.3390954358896339
0|hungaroring|http://en.wikipedia.org/wiki/2018_Hungarian_Grand_Prix|Hungaroring|47.5789|19.2486|Budapest|Hungary|2018|12|2018-07-29|13:10:00Z|Hungarian Grand Prix|76.666|78.19099999999999|78.3715|0.7589347798065398|101.98914773171941|102.2245845616049|0.9899235382132118
0|spa|http://en.wikipedia.org/wiki/2018_Belgian_Grand_Prix|Circuit de Spa-Francorchamps|50.4372|5.97139|Spa|Belgium|2018|13|2018-08-26|13:10:00Z|Belgian Grand Prix|101.501|103.46675|103.487|1.1893355453671113|101.93668042679381|101.956630969153|1.1717476136856901
0|monza|http://en.wikipedia.org/wiki/2018_Italian_Grand_Prix|Autodromo Nazionale di Monza|45.6156|9.28111|Monza|Italy|2018|14|2018-09-02|13:10:00Z|Italian Grand Prix|79.119|81.0889|81.422|1.0009182047657927|102.48979385482627|102.91080524273562|1.2650794433268775
0|marina_bay|http://en.wikipedia.org/wiki/2018_Singapore_Grand_Prix|Marina Bay Street Circuit|1.2914|103.864|Marina Bay|Singapore|2018|15|2018-09-16|12:10:00Z|Singapore Grand Prix|96.015|98.47935|98.5455|1.5517931656465604|102.56663021402906|102.63552569910952|1.6161986831709223
0|sochi|http://en.wikipedia.org/wiki/2018_Russian_Grand_Prix|Sochi Autodrom|43.4057|39.9578|Sochi|Russia|2018|16|2018-09-30|11:10:00Z|Russian Grand Prix|91.387|93.83564999999999|93.53999999999999|1.4458560849617972|102.67942924048278|102.35591495508115|1.5821244651447124
0|suzuka|http://en.wikipedia.org/wiki/2018_Japanese_Grand_Prix|Suzuka Circuit|34.8431|136.541|Suzuka|Japan|2018|17|2018-10-07|05:10:00Z|Japanese Grand Prix|87.76|89.68775000000002|89.80799999999999|0.9576439770823515|102.19661577028259|102.33363719234274|1.09120781344844
0|americas|http://en.wikipedia.org/wiki/2018_United_States_Grand_Prix|Circuit of the Americas|30.1328|-97.6411|Austin|USA|2018|18|2018-10-21|18:10:00Z|United States Grand Prix|92.237|94.29344999999999|94.5455|1.135552936261728|102.22952828040809|102.50279172132659|1.2311251843205326
0|rodriguez|http://en.wikipedia.org/wiki/2018_Mexican_Grand_Prix|Autódromo Hermanos Rodríguez|19.4042|-99.0907|Mexico City|Mexico|2018|19|2018-10-28|19:10:00Z|Mexican Grand Prix|74.759|76.22115|76.247|0.9880733658569026|101.95581802859856|101.99039580518735|1.3216781469213095
0|interlagos|http://en.wikipedia.org/wiki/2018_Brazilian_Grand_Prix|Autódromo José Carlos Pace|-23.7036|-46.6997|São Paulo|Brazil|2018|20|2018-11-11|17:10:00Z|Brazilian Grand Prix|67.281|68.48335|68.545|0.7636530126203981|101.787057267282|101.87868789108364|1.1350203068034024
0|yas_marina|http://en.wikipedia.org/wiki/2018_Abu_Dhabi_Grand_Prix|Yas Marina Circuit|24.4672|54.6031|Abu Dhabi|UAE|2018|21|2018-11-25|13:10:00Z|Abu Dhabi Grand Prix|94.794|96.76079999999999|96.762|1.2847318212886225|102.07481486170012|102.07608076460536|1.3552881208606273
0|albert_park|http://en.wikipedia.org/wiki/2019_Australian_Grand_Prix|Albert Park Grand Prix Circuit|-37.8497|144.968|Melbourne|Australia|2019|1|2019-03-17|05:10:00Z|Australian Grand Prix|80.486|82.41735|82.471|1.2470147205056936|102.3996098700395|102.46626742539075|1.5493560625521172
0|bahrain|http://en.wikipedia.org/wiki/2019_Bahrain_Grand_Prix|Bahrain International Circuit|26.0325|50.5106|Sakhir|Bahrain|2019|2|2019-03-31|15:10:00Z|Bahrain Grand Prix|87.866|89.39230000000002|89.2655|1.0615165467138845|101.73707691257141|101.59276625771061|1.2081084227276613
0|shanghai|http://en.wikipedia.org/wiki/2019_Chinese_Grand_Prix|Shanghai International Circuit|31.3389|121.22|Shanghai|China|2019|3|2019-04-14|06:10:00Z|Chinese Grand Prix|91.547|93.13027777777776|93.153|1.1068851795256809|101.72946986550924|101.75429014604521|1.2090895163420796
0|baku|http://en.wikipedia.org/wiki/2019_Azerbaijan_Grand_Prix|Baku City Circuit|40.3725|49.8533|Baku|Azerbaijan|2019|4|2019-04-28|12:10:00Z|Azerbaijan Grand Prix|100.495|102.25394444444444|102.03800000000001|1.377671200943278|101.75028055569378|101.53539977113289|1.3708853186161305
0|catalunya|http://en.wikipedia.org/wiki/2019_Spanish_Grand_Prix|Circuit de Barcelona-Catalunya|41.57|2.26111|Montmeló|Spain|2019|5|2019-05-12|13:10:00Z|Spanish Grand Prix|75.406|77.43324999999997|77.3185|1.1456032138939782|102.68844654271543|102.53627032331644|1.5192467627164672
0|monaco|http://en.wikipedia.org/wiki/2019_Monaco_Grand_Prix|Circuit de Monaco|43.7347|7.42056|Monte-Carlo|Monaco|2019|6|2019-05-26|13:10:00Z|Monaco Grand Prix|70.166|71.6562|71.5495|0.941675080850471|102.12382065387796|101.97175270073826|1.342067498290437
0|villeneuve|http://en.wikipedia.org/wiki/2019_Canadian_Grand_Prix|Circuit Gilles Villeneuve|45.5|-73.5228|Montreal|Canada|2019|7|2019-06-09|18:10:00Z|Canadian Grand Prix|70.24|71.7881|71.76050000000001|0.9665331916319889|102.20401480637814|102.16472095671983|1.376043837744857
0|ricard|http://en.wikipedia.org/wiki/2019_French_Grand_Prix|Circuit Paul Ricard|43.2506|5.79167|Le Castellet|France|2019|8|2019-06-23|13:10:00Z|French Grand Prix|88.319|90.4303|90.4345|1.304319911516704|102.39053884215176|102.3952943307782|1.4768282153519696
0|red_bull_ring|http://en.wikipedia.org/wiki/2019_Austrian_Grand_Prix|Red Bull Ring|47.2197|14.7647|Spielberg|Austria|2019|9|2019-06-30|13:10:00Z|Austrian Grand Prix|63.003|64.3564|64.316|0.8214329841006026|102.14815167531705|102.08402774471057|1.3037997938202963
0|silverstone|http://en.wikipedia.org/wiki/2019_British_Grand_Prix|Silverstone Circuit|52.0786|-1.01694|Silverstone|UK|2019|10|2019-07-14|13:10:00Z|British Grand Prix|85.093|86.2697|86.346|0.8216202926310663|101.38283995158238|101.47250655165524|0.9655556774717825
0|hockenheimring|http://en.wikipedia.org/wiki/2019_German_Grand_Prix|Hockenheimring|49.3278|8.56583|Hockenheim|Germany|2019|11|2019-07-28|13:10:00Z|German Grand Prix|71.767|72.90547368421053|72.776|0.7914587353896355|101.58634704559273|101.4059386626165|1.1028170822099794
0|hungaroring|http://en.wikipedia.org/wiki/2019_Hungarian_Grand_Prix|Hungaroring|47.5789|19.2486|Budapest|Hungary|2019|12|2019-08-04|13:10:00Z|Hungarian Grand Prix|74.572|76.1667|76.0815|1.0441566781001066|102.13847020329347|102.02421820522446|1.4001993752348145
0|spa|http://en.wikipedia.org/wiki/2019_Belgian_Grand_Prix|Circuit de Spa-Francorchamps|50.4372|5.97139|Spa|Belgium|2019|13|2019-09-01|13:10:00Z|Belgian Grand Prix|102.519|104.79136842105264|104.738|1.336431783624103|102.21653393132262|102.16447682868541|1.3035942446025612
0|monza|http://en.wikipedia.org/wiki/2019_Italian_Grand_Prix|Autodromo Nazionale di Monza|45.6156|9.28111|Monza|Italy|2019|14|2019-09-08|13:10:00Z|Italian Grand Prix|79.307|80.40678947368421|80.508|0.8114008859132561|101.38674956017024|101.51436821465948|1.0231138309521928
0|marina_bay|http://en.wikipedia.org/wiki/2019_Singapore_Grand_Prix|Marina Bay Street Circuit|1.2914|103.864|Marina Bay|Singapore|2019|15|2019-09-22|12:10:00Z|Singapore Grand Prix|96.217|98.46168421052633|98.52|1.5436152389270963|102.33293930441222|102.39354791772763|1.6043061402112893
0|sochi|http://en.wikipedia.org/wiki/2019_Russian_Grand_Prix|Sochi Autodrom|43.4057|39.9578|Sochi|Russia|2019|16|2019-09-29|11:10:00Z|Russian Grand Prix|91.628|94.15605|93.775|2.1271206254613673|102.7590365390492|102.34317020997948|2.321474467915232
0|suzuka|http://en.wikipedia.org/wiki/2019_Japanese_Grand_Prix|Suzuka Circuit|34.8431|136.541|Suzuka|Japan|2019|17|2019-10-13|05:10:00Z|Japanese Grand Prix|87.064|88.72077777777778|88.9615|1.085460843066237|101.90294240762861|102.17943122300838|1.2467390001220233
0|rodriguez|http://en.wikipedia.org/wiki/2019_Mexican_Grand_Prix|Autódromo Hermanos Rodríguez|19.4042|-99.0907|Mexico City|Mexico|2019|18|2019-10-27|19:10:00Z|Mexican Grand Prix|74.758|76.7561|76.6365|1.4671659361539613|102.67275743064287|102.51277455255625|1.9625537549880467
0|americas|http://en.wikipedia.org/wiki/2019_United_States_Grand_Prix|Circuit of the Americas|30.1328|-97.6411|Austin|USA|2019|19|2019-11-03|19:10:00Z|United States Grand Prix|92.029|93.57985|93.684|1.207266301892094|101.68517532516925|101.7983461734888|1.3118324679091309
0|interlagos|http://en.wikipedia.org/wiki/2019_Brazilian_Grand_Prix|Autódromo José Carlos Pace|-23.7036|-46.6997|São Paulo|Brazil|2019|20|2019-11-17|17:10:00Z|Brazilian Grand Prix|67.503|68.72357894736842|68.858|0.8458532388980895|101.80818474344608|102.00731819326549|1.2530602179134114
0|yas_marina|http://en.wikipedia.org/wiki/2019_Abu_Dhabi_Grand_Prix|Yas Marina Circuit|24.4672|54.6031|Abu Dhabi|UAE|2019|21|2019-12-01|13:10:00Z|Abu Dhabi Grand Prix|94.779|96.75450000000001|96.8355|1.3069652876637152|102.08432247649797|102.16978444592156|1.3789608327411282
0|red_bull_ring|http://en.wikipedia.org/wiki/2020_Austrian_Grand_Prix|Red Bull Ring|47.2197|14.7647|Spielberg|Austria|2020|1|2020-07-05|13:10:00Z|Austrian Grand Prix|62.939|64.26169999999999|64.11449999999999|0.7697578635006299|102.10155865202813|101.86768140580563|1.223022074549373
0|red_bull_ring|http://en.wikipedia.org/wiki/2020_Styrian_Grand_Prix|Red Bull Ring|47.2197|14.7647|Spielberg|Austria|2020|2|2020-07-12|13:10:00Z|Styrian Grand Prix|77.825|79.57515789473685|79.545|1.2356441533403586|102.2488376418077|102.21008673305494|1.5877213663223393
0|hungaroring|http://en.wikipedia.org/wiki/2020_Hungarian_Grand_Prix|Hungaroring|47.5789|19.2486|Budapest|Hungary|2020|3|2020-07-19|13:10:00Z|Hungarian Grand Prix|73.447|75.32660000000001|75.5465|0.9173646694974167|102.55912426647785|102.85852383351259|1.24901584747834
0|silverstone|http://en.wikipedia.org/wiki/2020_British_Grand_Prix|Silverstone Circuit|52.0786|-1.01694|Silverstone|UK|2020|4|2020-08-02|13:10:00Z|British Grand Prix|84.303|86.27704999999997|86.333|0.9192872224546695|102.34161299123399|102.40798073615412|1.0904561195386542
0|silverstone|http://en.wikipedia.org/wiki/70th_Anniversary_Grand_Prix|Silverstone Circuit|52.0786|-1.01694|Silverstone|UK|2020|5|2020-08-09|13:10:00Z|70th Anniversary Grand Prix|85.154|86.9633|86.8945|0.9834050993734416|102.12473870869248|102.04394391338046|1.1548548504749545
0|catalunya|http://en.wikipedia.org/wiki/2020_Spanish_Grand_Prix|Circuit de Barcelona-Catalunya|41.57|2.26111|Montmeló|Spain|2020|6|2020-08-16|13:10:00Z|Spanish Grand Prix|75.584|77.15839999999999|77.126|0.8388112139400486|102.08298052497884|102.04011430990685|1.1097735154795314
0|spa|http://en.wikipedia.org/wiki/2020_Belgian_Grand_Prix|Circuit de Spa-Francorchamps|50.4372|5.97139|Spa|Belgium|2020|7|2020-08-30|13:10:00Z|Belgian Grand Prix|101.252|102.83720000000001|102.6935|0.8572226634526411|101.56559870422312|101.4236755817169|0.8466229441913637
0|monza|http://en.wikipedia.org/wiki/2020_Italian_Grand_Prix|Autodromo Nazionale di Monza|45.6156|9.28111|Monza|Italy|2020|8|2020-09-06|13:10:00Z|Italian Grand Prix|78.887|80.29419999999999|80.1165|0.8016331094118202|101.7838173590072|101.55855844435712|1.016178976779215
0|mugello|http://en.wikipedia.org/wiki/2020_Tuscan_Grand_Prix|Autodromo Internazionale del Mugello|43.9975|11.3719|Mugello|Italy|2020|9|2020-09-13|13:10:00Z|Tuscan Grand Prix|75.144|76.50829999999999|76.581|0.677810647367101|101.81558075162356|101.91232832960716|0.9020156597560697
0|sochi|http://en.wikipedia.org/wiki/2020_Russian_Grand_Prix|Sochi Autodrom|43.4057|39.9578|Sochi|Russia|2020|10|2020-09-27|11:10:00Z|Russian Grand Prix|91.304|93.24675000000002|93.1235|1.1180054079051946|102.12778191535968|101.99279330587926|1.2244867781315114
0|nurburgring|http://en.wikipedia.org/wiki/2020_Eifel_Grand_Prix|Nürburgring|50.3356|6.9475|Nürburg|Germany|2020|11|2020-10-11|13:10:00Z|Eifel Grand Prix|85.269|86.63709999999999|86.5495|0.8276355605292887|101.6044517937351|101.5017180921554|0.9706171768512459
0|portimao|http://en.wikipedia.org/wiki/2020_Portuguese_Grand_Prix|Autódromo Internacional do Algarve|37.227|-8.6267|Portimão|Portugal|2020|12|2020-10-25|12:10:00Z|Portuguese Grand Prix|76.466|77.55980000000001|77.4635|0.622488604841802|101.4304396725342|101.30450134700389|0.8140724045220137
0|imola|http://en.wikipedia.org/wiki/2020_Emilia_Romagna_Grand_Prix|Autodromo Enzo e Dino Ferrari|44.3439|11.7167|Imola|Italy|2020|13|2020-11-01|12:10:00Z|Emilia Romagna Grand Prix|73.609|75.02955|74.986|0.7546907679726564|101.92985912048799|101.87069515955932|1.0252696925276197
0|rodriguez|http://en.wikipedia.org/wiki/2021_Mexican_Grand_Prix|Autódromo Hermanos Rodríguez|19.4042|-99.0907|Mexico City|Mexico|2021|18|2021-11-07|19:00:00Z|Mexico City Grand Prix|75.875|77.53475|77.4875|1.2749355762877643|102.18747940691927|102.12520593080723|1.6803104794566885
0|losail|http://en.wikipedia.org/wiki/2021_Qatar_Grand_Prix|Losail International Circuit|25.49|51.4542|Al Daayen|Qatar|2021|20|2021-11-21|14:00:00Z|Qatar Grand Prix|80.827|82.40129999999998|82.24600000000001|1.077538476538565|101.94774023531741|101.75560146980587|1.3331417429059187
0|jeddah|http://en.wikipedia.org/wiki/2021_Saudi_Arabian_Grand_Prix|Jeddah Corniche Circuit|21.6319|39.1044|Jeddah|Saudi Arabia|2021|21|2021-12-05|17:30:00Z|Saudi Arabian Grand Prix|87.511|88.5669|88.40549999999999|0.7390389847989287|101.20659117139562|101.0221572145216|0.8445098156790894
0|yas_marina|http://en.wikipedia.org/wiki/2021_Abu_Dhabi_Grand_Prix|Yas Marina Circuit|24.4672|54.6031|Abu Dhabi|UAE|2021|22|2021-12-12|13:00:00Z|Abu Dhabi Grand Prix|82.109|83.65594999999999|83.4345|0.8884864406749031|101.88402002216567|101.61431755349597|1.0820816727458662
0|bahrain|http://en.wikipedia.org/wiki/2022_Bahrain_Grand_Prix|Bahrain International Circuit|26.0325|50.5106|Sakhir|Bahrain|2022|1|2022-03-20|15:00:00Z|Bahrain Grand Prix|90.558|91.87535|91.7085|0.8929297888942528|101.4547030632302|101.27045650301463|0.9860308188059073
0|jeddah|http://en.wikipedia.org/wiki/2022_Saudi_Arabian_Grand_Prix|Jeddah Corniche Circuit|21.6319|39.1044|Jeddah|Saudi Arabia|2022|2|2022-03-27|17:00:00Z|Saudi Arabian Grand Prix|88.2|89.53705263157896|89.546|0.9220723322846813|101.515932688865|101.52607709750568|1.0454334833159664
0|albert_park|http://en.wikipedia.org/wiki/2022_Australian_Grand_Prix|Albert Park Grand Prix Circuit|-37.8497|144.968|Melbourne|Australia|2022|3|2022-04-10|05:00:00Z|Australian Grand Prix|77.868|79.31184210526318|79.061|0.9608278989819099|101.8542175287193|101.5320799301382|1.2339188100142686
0|imola|http://en.wikipedia.org/wiki/2022_Emilia_Romagna_Grand_Prix|Autodromo Enzo e Dino Ferrari|44.3439|11.7167|Imola|Italy|2022|4|2022-04-24|13:00:00Z|Emilia Romagna Grand Prix|78.793|80.0872105263158|79.98|0.9379639047157972|101.64254505643366|101.50647900194178|1.1904152713004905
0|miami|http://en.wikipedia.org/wiki/2022_Miami_Grand_Prix|Miami International Autodrome|25.9581|-80.2389|Miami|USA|2022|5|2022-05-08|19:30:00Z|Miami Grand Prix|88.796|90.00142105263157|89.996|0.7746632469653052|101.35751728977833|101.35141222577593|0.8724078190068285
0|catalunya|http://en.wikipedia.org/wiki/2022_Spanish_Grand_Prix|Circuit de Barcelona-Catalunya|41.57|2.26111|Montmeló|Spain|2022|6|2022-05-22|13:00:00Z|Spanish Grand Prix|78.75|80.25885000000001|80.4195|0.8989928443600249|101.91600000000001|102.12|1.1415782150603504
0|monaco|http://en.wikipedia.org/wiki/2022_Monaco_Grand_Prix|Circuit de Monaco|43.7347|7.42056|Monte-Carlo|Monaco|2022|7|2022-05-29|13:00:00Z|Monaco Grand Prix|71.376|72.79055000000001|72.705|1.0441499425999972|101.98182862586863|101.86197041022191|1.4628866041806727
0|baku|http://en.wikipedia.org/wiki/2022_Azerbaijan_Grand_Prix|Baku City Circuit|40.3725|49.8533|Baku|Azerbaijan|2022|8|2022-06-12|11:00:00Z|Azerbaijan Grand Prix|101.359|103.4487|103.2855|1.2946567559741367|102.06168174508431|101.90066989611185|1.2772982724515205
0|villeneuve|http://en.wikipedia.org/wiki/2022_Canadian_Grand_Prix|Circuit Gilles Villeneuve|45.5|-73.5228|Montreal|Canada|2022|9|2022-06-19|18:00:00Z|Canadian Grand Prix|81.299|88.00145|85.40899999999999|5.7468207821918|108.24419734560078|105.05541273570398|7.068747195158368
0|silverstone|http://en.wikipedia.org/wiki/2022_British_Grand_Prix|Silverstone Circuit|52.0786|-1.01694|Silverstone|UK|2022|10|2022-07-03|14:00:00Z|British Grand Prix|99.129|101.38585000000002|101.63900000000001|1.0905796273927968|102.27667988177022|102.53205419201242|1.1001620387503104
0|red_bull_ring|http://en.wikipedia.org/wiki/2022_Austrian_Grand_Prix|Red Bull Ring|47.2197|14.7647|Spielberg|Austria|2022|11|2022-07-10|13:00:00Z|Austrian Grand Prix|64.984|66.08465|66.1515|0.6502147236429704|101.69372460913455|101.79659608519022|1.0005766398543814
0|ricard|http://en.wikipedia.org/wiki/2022_French_Grand_Prix|Circuit Paul Ricard|43.2506|5.79167|Le Castellet|France|2022|12|2022-07-24|13:00:00Z|French Grand Prix|90.872|92.60035000000002|92.851|0.9416386207591859|101.90196100008802|102.17778853772339|1.0362252627423039
0|hungaroring|http://en.wikipedia.org/wiki/2022_Hungarian_Grand_Prix|Hungaroring|47.5789|19.2486|Budapest|Hungary|2022|13|2022-07-31|13:00:00Z|Hungarian Grand Prix|77.377|78.4615|78.357|0.7370842628399518|101.4015792806648|101.2665262287243|0.9525883180272604
0|spa|http://en.wikipedia.org/wiki/2022_Belgian_Grand_Prix|Circuit de Spa-Francorchamps|50.4372|5.97139|Spa|Belgium|2022|14|2022-08-28|13:00:00Z|Belgian Grand Prix|103.665|105.69080000000001|105.7195|0.9650054049480469|101.95417932764191|101.98186466020354|0.9308883470294199
0|zandvoort|http://en.wikipedia.org/wiki/2022_Dutch_Grand_Prix|Circuit Park Zandvoort|52.3888|4.54092|Zandvoort|Netherlands|2022|15|2022-09-04|13:00:00Z|Dutch Grand Prix|70.342|71.46504999999999|71.46950000000001|0.7548307914256088|101.59655682238207|101.60288305706406|1.0730869060100792
0|monza|http://en.wikipedia.org/wiki/2022_Italian_Grand_Prix|Autodromo Nazionale di Monza|45.6156|9.28111|Monza|Italy|2022|16|2022-09-11|13:00:00Z|Italian Grand Prix|80.161|81.86104999999998|82.0065|0.8287964307863602|102.12079440126745|102.30224173850127|1.0339147849781825
0|marina_bay|http://en.wikipedia.org/wiki/2022_Singapore_Grand_Prix|Marina Bay Street Circuit|1.2914|103.864|Marina Bay|Singapore|2022|17|2022-10-02|12:00:00Z|Singapore Grand Prix|109.412|113.00590000000003|112.9975|2.837931027313644|103.28474024787042|103.27706284502614|2.5938023501203205
0|suzuka|http://en.wikipedia.org/wiki/2022_Japanese_Grand_Prix|Suzuka Circuit|34.8431|136.541|Suzuka|Japan|2022|18|2022-10-09|05:00:00Z|Japanese Grand Prix|89.304|90.54945000000001|90.60650000000001|0.710754267625154|101.39461838215533|101.45850129893398|0.795881783150986
0|americas|http://en.wikipedia.org/wiki/2022_United_States_Grand_Prix|Circuit of the Americas|30.1328|-97.6411|Austin|USA|2022|19|2022-10-23|19:00:00Z|United States Grand Prix|94.356|95.97564999999999|96.3435|1.014728290051865|101.71653101021666|102.10638433168002|1.0754252936240052
0|rodriguez|http://en.wikipedia.org/wiki/2022_Mexican_Grand_Prix|Autódromo Hermanos Rodríguez|19.4042|-99.0907|Mexico City|Mexico|2022|20|2022-10-30|20:00:00Z|Mexico City Grand Prix|77.775|79.26610000000001|79.1675|1.023556693722021|101.91719704275151|101.79042108646738|1.3160484650877813
0|interlagos|http://en.wikipedia.org/wiki/2022_Brazilian_Grand_Prix|Autódromo José Carlos Pace|-23.7036|-46.6997|São Paulo|Brazil|2022|21|2022-11-13|18:00:00Z|Brazilian Grand Prix|70.881|72.52695|71.60900000000001|1.9172632215025451|102.32213145977059|101.02707354580212|2.704904306517324
0|yas_marina|http://en.wikipedia.org/wiki/2022_Abu_Dhabi_Grand_Prix|Yas Marina Circuit|24.4672|54.6031|Abu Dhabi|UAE|2022|22|2022-11-20|13:00:00Z|Abu Dhabi Grand Prix|83.824|85.0404|85.07050000000001|0.6888206855503868|101.45113571292231|101.48704428326016|0.8217463799751699
0|bahrain|https://en.wikipedia.org/wiki/2023_Bahrain_Grand_Prix|Bahrain International Circuit|26.0325|50.5106|Sakhir|Bahrain|2023|1|2023-03-05|15:00:00Z|Bahrain Grand Prix|89.708|91.0216|91.14750000000001|0.7965755919460558|101.4643064163731|101.60465064431266|0.8879649439805323
